A0A142JN48,1
A0A076VE11,1
A0A0C2I2K4,1
J7J471,1
A0A0J5QQ86,1
W4ER49,1
A0A0Q5TD38,1
C0EQK6,1
A0A0D1RCI3,1
A0A0A0D593,1
A0A0R2IDB8,1
R6PFH2,1
Q0VTR6,1
G8GMB7,1
E3EXX2,1
J3B763,1
A0A0J7CWQ7,1
A0A124RDQ9,1
D3S972,1
A0A127SPH0,1
A0A124EQB4,1
U2K396,1
A0A140DCN8,1
Q4KES7,1
I6ZFS9,1
A0A0M8VNM1,1
A0A0M6ZHA3,1
A0A0F7HEC5,1
A0A0D0F2A4,1
V0SV59,1
J7VZM6,1
A0A0R5RPM8,1
A0A064AGJ7,1
A0A0P9MVK0,1
A0A0B3SJF7,1
A0A0H3WTX7,1
W0BQW3,1
E2PAV6,1
D3J1E5,1
A0A087M7Z0,1
A0A0Q6BGI8,1
A0A0D7XB10,1
U4VDG9,1
A0A0K1FJW8,1
Q9AMA1,1
A0A0M0EPJ2,1
D0J984,1
A0A086W8I6,1
A0A072D9H3,1
A0A0G0QUG0,1
D1B4M2,1
A0A0A2Y8A5,1
A0A150EQT6,1
W5YXS9,1
A0A0M3HC87,1
A0A0E2CLS5,1
G8EX97,1
A0A109FSL6,1
W0BJB7,1
A0A073KCI4,1
R8XMA6,1
A0A0T9TQQ9,1
A0A059HPB7,1
J7K749,1
X4ZJE5,1
I1W1X4,1
D5LY09,1
N1ZGC7,1
D4JFD6,1
A0A0B2YQA1,1
A0A0X8P2M6,1
J7JZQ0,1
A0A0F6TV91,1
U3HM20,1
A0A150K1Y6,1
Q2FC74,1
A0A0A3W5I2,1
N8PDT5,1
A0A089UGH5,1
A0A0N7AFE8,1
A0A0N1JGN6,1
A0A061Q3B1,1
A0A0Q9VIG4,1
K1J515,1
F9EK81,1
B9JZB6,1
D4BVQ1,1
A0A0W0LHM1,1
F5T4S0,1
G5LRD0,1
D4GER5,1
A0A126Y456,1
A0A127AX88,1
A0A0W0VDI8,1
B8ZI24,1
A0A0R3CL20,1
U5MNS3,1
K4NP95,1
L0WDT7,1
A0A0V9HC16,1
A0A0S3JFD3,1
A0A0Q4WTF3,1
A0A073K847,1
T0JMZ6,1
A0A0J7FBC6,1
D4QLM1,1
A0A0Q5GK50,1
A0A073KCK1,1
A0A0E1CLX4,1
V1AZH7,1
A0A093SFZ7,1
A0A0Q4NKR4,1
F7NWF3,1
A0A0J1LGZ2,1
Q4KC82,1
A0A0S3BND6,1
F1T7N0,1
A0A023C9B2,1
A0A0D5AK02,1
U6ZJX0,1
A0A0Q2UC27,1
J3HLE9,1
A0A0S2DPV9,1
A0A0R2MXZ1,1
N8QA12,1
A0A127SHH7,1
A0A150PA09,1
A0A140CVN0,1
L3BYC1,1
A0A0S1Z1Y3,1
A0A088X7M9,1
A0A0F0DSS5,1
A0A022NAN1,1
A0A0M0P6T4,1
A0A0M4GY09,1
D6I9J6,1
A0A084YVD4,1
A0A0A0Q8L2,1
H7E9P2,1
A9VF66,1
A0A0C2N861,1
J9SSY2,1
P13955,1
A0A0L5XB01,1
S7WUC3,1
M1MM88,1
G8EX96,1
A0A141RHH9,1
A0A127SML6,1
A0A084J9T2,1
W8Y062,1
D7RF79,1
A0A0A0Q8L0,1
D2K8A8,1
C8C0J9,1
R2PHY3,1
A4L314,1
A0A156B9F3,1
A0A088BG72,1
R7BXJ6,1
A0A0E1HTH4,1
S9PJF0,1
F7XFR6,1
A0A0F3KKY5,1
F3H502,1
K0NM97,1
G2GWW8,1
A0A080FIZ4,1
A0A099RVW9,1
A0A117DNC6,1
A0A142E0Z0,1
A0A0V7Z3N3,1
A0A0A3YX48,1
D9SE32,1
I3VNV9,1
G6YHX3,1
Q6D2F0,1
C6JDT6,1
A0A132CG79,1
A0A0B6FI11,1
A0A0J6GKG5,1
R7B4C4,1
A0A0G1X018,1
A0A0W0I094,1
C0L620,1
G5GJU8,1
A0A0N9W9H7,1
A0A0A5FRP1,1
F8FE36,1
A0A0D6A449,1
A0A061P352,1
M1MA90,1
L0M062,1
N6YQP1,1
W0D6B8,1
A0A0N2A603,1
A0A0J7DJ89,1
L3BPM2,1
D6S600,1
A0A0K6N4S5,1
A0A0X8L5B7,1
A0A0F4KS24,1
P44927,1
A0A0T9U413,1
A0A0B1U8D9,1
V8BNK3,1
A0A0M0GES5,1
A0A0J6K1Z7,1
W0RK63,1
A0A0W0YZ55,1
N9QWC7,1
E9XKY7,1
A8EW13,1
J7IB33,1
A0A0S2DDB2,1
A0A0Q5FI89,1
I1VJ13,1
A0A0T6ZIH3,1
A0A0A0Q8S1,1
A0A024E3J7,1
A0A0M9AV03,1
J8K162,1
B9BAV5,1
A0A0M1NJ38,1
J7XPB3,1
C2NHX5,1
A0A0M3E7B2,1
A0A0F5Q3R3,1
A0A099YDG3,1
A0A060VAT3,1
A0A0T2YND3,1
A0A089YTQ8,1
J2LA85,1
A0A033UW15,1
J7K0Y9,1
C0LMI4,1
A0A077UGL2,1
A0A0F5BE86,1
A0A0G3Z5G4,1
A0A0X1T7Z3,1
F4QVR9,1
A0A0M1RAV7,1
W7PFH5,1
D3ABR2,1
A0A0A0QAX5,1
A0A0W0MW01,1
U2EBM8,1
Q0VTR4,1
A0A0W0AKG9,1
R2SG57,1
A0A0H3YEU2,1
A0A097J9I2,1
A0A0A0QAW5,1
A0A0D7KKA2,1
J7SI64,1
A0A0N7AFF0,1
A0A0G4JQD6,1
A0A0Q1G353,1
A0A0A0Q7Y1,1
R4WEE6,1
F4V433,1
A0A0J7GMR6,1
B9CVR1,1
E7SFM3,1
A0A0B5SBV6,1
U1WVJ9,1
A0A085IA86,1
A0A0V2F910,1
A0A141RJ68,1
N8R940,1
T2LHV2,1
A0A0R1L633,1
A0A0W0MYP1,1
A0A0Q6HBB1,1
B3WCK5,1
A0A0K6LX21,1
A0A0G0TI13,1
A0A127SCB6,1
B1SBL2,1
A0A0Q7LKN8,1
A7U968,1
A0A0J5L9R5,1
A0A059WRU6,1
A0A0H2WNR1,1
E6MP18,1
J8ATP3,1
A0A089LNB4,1
A0A0A8FIR0,1
A0A143I1B6,1
A0A141RDC8,1
A0A0U0YPQ3,1
W1FUL7,1
A0A0U1NXW0,1
W6W1T0,1
A0A0T6XT24,1
F2LPE0,1
A0A0N9WY13,1
F8UU02,1
R8U618,1
E4PYM7,1
S5P3T0,1
A0A0K6MBC4,1
R8N2F7,1
A0A101E4V3,1
A0A098GA78,1
E8SJX4,1
A0A0P9MU21,1
N9BQ39,1
A0A155VZU4,1
A0A0J0YU28,1
A0A109Y9V7,1
A0A0B6TR48,1
A0A0F0DVA7,1
A0A075US73,1
A0A0E1PRG7,1
A0A0A7JJR1,1
A0A0P9S0W1,1
E0NWG1,1
A0A0M0L8K5,1
D6LI05,1
A0A0J1MZC3,1
A0A090YU38,1
C2TGH5,1
E1KP18,1
R7H5W9,1
A0A150LIQ6,1
A0A143WR85,1
A0A0K0HCA5,1
A0A0B6A108,1
R9NE84,1
A0A0F5AIJ1,1
A0A132F719,1
A0A118FSQ4,1
A0A109WFX3,1
A0A077DHA6,1
P18251,1
A0A0W0T139,1
A0A158AMZ1,1
A0A0E1EGD7,1
Q9LAR6,1
A0A0H3CDQ7,1
F2KYP0,1
C7NCD5,1
A0A0L0IXR7,1
Q65KV1,1
A0A127T7A0,1
R5FRD0,1
A0A0J3VWY5,1
E7REQ3,1
A0A0A1A709,1
A0A132FJ12,1
E5X1E3,1
C0DYD3,1
A0A0P7L0N9,1
A0A084GPY9,1
P41368,1
D7YP51,1
A0A0N0C1X1,1
A0A0S8Z5H1,1
A0A0J8YFV7,1
B8XLK1,1
A0A094S6M8,1
R4Z5N6,1
A0A127SDB2,1
A0A0R3AGD3,1
A0A0S2EAE6,1
A0A140SM50,1
D0UX55,1
F3FGE5,1
J8GHZ4,1
Q93NA3,1
A0A0D8KHA1,1
A0A118E228,1
G2H3V2,1
A0A0K1M535,1
A0A0D0MXW7,1
C2NAQ9,1
A0A0M2AL21,1
D4CHX2,1
A3WSI9,1
X0Q7L1,1
A0A0W1B555,1
Q8L319,1
I3VNW0,1
U2BI35,1
A0A127SFE1,1
A0A0D1W4D1,1
A0A127S9W4,1
A0A0G0NDZ2,1
J6H1B3,1
W6WA05,1
A0A0D0NYI3,1
A0A062YE23,1
R4WCW7,1
I6Z9I0,1
A0A0P9FNG7,1
A0A0Q8FF76,1
A0A060KZW1,1
X8HVY4,1
Q7NYE7,1
A0A0A0YZV7,1
A0A0F5I5D0,1
E1PKH4,1
A0A083UJ51,1
B8K1T9,1
A0A014N2J7,1
A0A084GIY5,1
A0A0N8R1H5,1
W5S5F3,1
A0A0X8JU25,1
A0A0S1RS46,1
S9UEU3,1
E8WP24,1
A0KGY7,1
A0A0B6AIL9,1
Q104Z6,1
J7YI37,1
U1SWG2,1
I4KW71,1
A0A0G1D4E5,1
A0A0B2YB91,1
A0A150QN86,1
E5ATG4,1
A0A127SSP7,1
R8CJA2,1
C6Q0G6,1
A0A0T0PT47,1
A0A084IZT9,1
T1EBQ1,1
L0EDD5,1
A0A0U5KD98,1
A0A0Q5VLS3,1
G8B4G1,1
A0A0J7DK56,1
J0C989,1
A0A010KZ29,1
S4YHI3,1
A0A0D6SFY1,1
A0A009EM92,1
A0A0U0X1M3,1
A0A0Q4G0D5,1
A0A0F0DUF2,1
Q0PH70,1
K8AUV1,1
A0A127T1S5,1
N2JKN9,1
A5V412,1
A0A0A8GSR8,1
A0A0M1UPM4,1
N9N962,1
A0A141RGE1,1
N9A3G5,1
F0H5N9,1
R9C1H5,1
A0A0F4TH68,1
A0A0Q3W173,1
S3MXP2,1
A0A127T046,1
B6FZD3,1
A0A095UK13,1
A0A089KVG1,1
A0A0M0T2Q7,1
J8CGU7,1
A0A0A0R1G2,1
A0A090UKU1,1
J8JI24,1
Q39IU8,1
X4ZZA0,1
J7M689,1
C5URB4,1
A0A0R1KAE4,1
A0A0E0TVN5,1
R4WAP4,1
A0A150YGJ0,1
A0A0G0QXG7,1
D2XSF3,1
N9LEC7,1
A0A0P4RDM3,1
A0A096YVR7,1
A0A0S2SLM8,1
N9R6P0,1
A6T273,1
E6L364,1
W1R8E7,1
G8LIH0,1
A0A0G3YN16,1
H3SN34,1
A0A0E1KW04,1
A0A097SRS0,1
A0A0J0N3K6,1
S9SID7,1
K8ZMQ4,1
A0A0M1ULT3,1
A0A0F0F4I3,1
A0A0J7CWK5,1
A0A0E3UYH3,1
A0A0J8PTG5,1
D3A8F5,1
A0A0X2NX14,1
A0A0S3AHM4,1
A0A0J6TFT8,1
K9AE09,1
A0A0J9GIV8,1
A0A016QLA4,1
A0A0S3BFZ2,1
W4S7C9,1
R5WVE4,1
D5T3E5,1
A0A097EJU2,1
A0A0M4RGQ6,1
A0A0F7HD22,1
A0A0C2I8P3,1
C9N1K9,1
A0A150B098,1
A0A0U5IM19,1
J0YIS0,1
A0A0G3ICX4,1
A0A0S2SHE7,1
F3JTT8,1
A0A0R3B6Y4,1
J8I1D0,1
I3V350,1
A0A017H653,1
A0A141R8M9,1
A0A124EMB2,1
A0A0J6H343,1
R5JYA1,1
I2B7C2,1
A0A141RL83,1
A0A101KPN7,1
Q2NRV7,1
A0A0A4A0Q3,1
A0A0D5CA60,1
A0A059L870,1
S7HGJ9,1
A0A0E3K2Y8,1
A0A0H3DPR3,1
Q55926,1
B2VCS9,1
A0A0D1KD57,1
A0A127SYH1,1
A0A135NUB0,1
A0A0Q7EWI0,1
F0R6G5,1
A0A0D8KN94,1
R4WED6,1
A0A0A0FZ93,1
F3ZQS3,1
H0HJC1,1
A0A0A2XGU4,1
E0F3D3,1
A0A101KNY5,1
A0A078BLD5,1
I9KWP8,1
W1WWS7,1
D0WA73,1
A0A0G2ZI97,1
G5LRD1,1
A0A073JWK9,1
A0A0P1D1N8,1
C5AQS5,1
A0A0P9JLK8,1
A0A069D0F9,1
R8QI36,1
A0A0G3SBL4,1
R7G0I0,1
Q1PBU4,1
A0A0A1A8Z0,1
S6J898,1
A0A154U3X0,1
K9AZR3,1
S6F2B6,1
A5Z1N4,1
A0A0K2FGP8,1
A0A0F7LVF9,1
E0N6P9,1
D9TPY6,1
A0A0S3NIU2,1
A0A075P2M4,1
N6YWR4,1
D6CJG0,1
V5Z6B2,1
A0A0N9X3M9,1
A0A0A7XPA3,1
N9E9K1,1
B2UN93,1
A0A071M3A1,1
A0A095YKK3,1
A9VGR9,1
A0A096CAA3,1
V1H410,1
A0A127T207,1
A0A011ELX9,1
A0A066T2Y7,1
N9Q137,1
A0A0M0F6V0,1
A0A060RJR0,1
A0A0W1B3T1,1
A0A091B8B5,1
R5SM85,1
A0A0J1G1H7,1
A0A0F5SB35,1
N8WWG0,1
W4QIQ0,1
T0F737,1
A0A105GQA3,1
J9AHF0,1
N8V0G1,1
A0A0M5ILT8,1
A0A0B6FRY7,1
A0A0T9TRY4,1
A0A0G0CA67,1
A0A0F0TSG3,1
A0A076HZ87,1
Q0VTR8,1
S9Y9T8,1
D3EDX8,1
A0A072EGR8,1
A0A0D0PVW2,1
A0A0F5RNZ6,1
A0A127T6M8,1
A0A127T3T2,1
A7Y413,1
A0A109HKX2,1
A0A127SPR3,1
K9BYY3,1
A0A0J1IBW7,1
E1KWF6,1
Q6DLR6,1
M5APG0,1
Q5Q117,1
A0A157L627,1
A0A132EVX7,1
A0A060NNL1,1
A0A0D6EEJ5,1
E3GGW8,1
A0A0U2B7P0,1
A0A0T2Q827,1
J8BJK1,1
J8DRP5,1
A9VH74,1
A0A0E2LGZ0,1
A0A140CXX8,1
A0A109W3Z8,1
R6GJR2,1
W3V4K1,1
B6XBM4,1
J8SU89,1
A0A0L7DEB7,1
E7DDD2,1
A0A058YPS8,1
A0A0A0C1I1,1
K9DXJ0,1
D9HP85,1
L7ZUS6,1
A0A085ZKE7,1
U2RC35,1
A0A086C2H6,1
A0A0Q7R1Y4,1
K6CB68,1
B2CD71,1
W0H4P8,1
Q2KDF4,1
E7CER3,1
A0A075TZ25,1
Q2FC40,1
Q4L200,1
A0A0K3ZVD3,1
I0WK39,1
A0A098URI9,1
B2HID0,1
A0A0J6AH33,1
A0A0J6QK25,1
A0A0A7DPP0,1
A0A0D0Q6S2,1
A0A0C5JU56,1
A0A0P0AKZ7,1
B2CD75,1
V9ZX37,1
A0A0K0XBN6,1
J8ASL3,1
A0A0Q8THT6,1
A0A109KXU6,1
F0EAB9,1
A0A127SBE7,1
A0A026RSM3,1
A0A0Q4FKS5,1
C3JA72,1
U3QX51,1
A0A0P0GGT1,1
A0A0E4HMD5,1
A0A0K1M862,1
A0A0A8BXH9,1
S6FHV4,1
A0A0A1RZG1,1
A0A0E0VRK8,1
A0A0G2ASF3,1
W0L4E4,1
B7U9E3,1
A0A142GHK2,1
T2PZF5,1
N9BLX4,1
A0A0P0IBD9,1
A0A141RHL1,1
A0A0B2FFT5,1
P59523,1
A0A0R3A829,1
A0A081BRY7,1
V6A918,1
V7I9S9,1
A0A077PKV1,1
Q3ATR5,1
A0A109RGJ5,1
A0A085GCF3,1
A0A0T9Q7Z7,1
A0A0N7AFF6,1
A0A0L1NRL4,1
A0A0I1Q4H0,1
A0A0M0W7B3,1
A0A0P9QHE5,1
A0A0H2LXF7,1
Q1MQW6,1
A0A150VW20,1
F4Y5N7,1
A0A0F4BHT9,1
A0A0Q0W930,1
B2TY28,1
A0A0D8C9P8,1
E2IZV3,1
A0A089V8K4,1
A0A0J1LUV6,1
Q5WWP7,1
A0A0C7KVI2,1
K7QCV4,1
A0A0A8JH86,1
A0A0C2VE07,1
E6K371,1
J9BF03,1
A0A074VDK6,1
A0A0G3KB19,1
J8ALF8,1
Q84BY3,1
W8L0K2,1
V2UV65,1
A0A0D1A3G7,1
W1IQZ8,1
J3IRW2,1
C5AA98,1
A0A0F0H8V7,1
A5N0R4,1
R6KMX5,1
H5SEZ2,1
R8KC10,1
A0A0H5RP73,1
A0A0B6RPL9,1
A0A0G0B4U7,1
C7G7S8,1
V6MFI1,1
A0A117MWQ6,1
D3NQR0,1
A0A0Q8FBI7,1
A0A100HUJ0,1
A0A0G0UM92,1
A0A0T9S5T4,1
R9VQV9,1
A0A081RZF6,1
A0A0E2LL05,1
L7V6E6,1
A0A102D7R4,1
A0A085FDS5,1
A0A0X1SHU5,1
A0A0U0XQL0,1
Q83Z49,1
A0A0R1XHX4,1
Q8D342,1
E4TXT2,1
A0A141RAB8,1
A0A127SBF9,1
N8YMB1,1
A0A142DYL1,1
A0A0S8Z7I3,1
A0A026RZ68,1
G2SR92,1
A0A0T6YU34,1
A0A127SQN8,1
P08881,1
C8C0G3,1
W4QJS6,1
E3GGW9,1
A0A0F5Q2X4,1
R6D652,1
A0A037Z1Q5,1
A0A0N9U809,1
A0A0H4IUK8,1
G8EX94,1
A0A0H2LPW0,1
A0A0K3EAG7,1
A0A0D6WNL4,1
C3BTF1,1
A0A100M496,1
G3ESU0,1
A0A070DHW8,1
A0A0K0TZZ9,1
A0A0E8GZF5,1
A0A0G0NLA9,1
A0A0M3G2R6,1
N8VK46,1
A0A0A8RF76,1
A0A104TUA0,1
J8PUJ0,1
A0A066ZZN3,1
A0A142GAB7,1
G5GLU0,1
Q97LQ3,1
A0A0A0Q8R3,1
A0A127SL66,1
A0A127STF0,1
A0A0J1G9E3,1
B0BNQ6,1
A0A0W0NPD4,1
A0A0G0T6U9,1
A0A0P7MRC1,1
A0A0N1LPE6,1
A0A0M4FFL9,1
A0A097SRQ6,1
B5EGT6,1
A0A0F0ZVX8,1
D8GXV5,1
I4D9K6,1
A0A0Q8EN57,1
B6FV98,1
A0A0H1RXK4,1
Q310A3,1
S1LQE6,1
A0A0U1H7V7,1
D1QNN8,1
A0A0F3LXD7,1
A0A109LDR8,1
C6DDL8,1
A0A0J7XQY4,1
A0A0N0KYZ9,1
B8ZHX8,1
R5XV41,1
A0SKI3,1
X5QUQ1,1
K0NTN2,1
A0A0L7P1D4,1
F4BMD3,1
A0A0J7EMG5,1
A0A0W7TXI6,1
A0A0Q5B2N6,1
A0A090NNR4,1
A0A0U9H5G1,1
S2JV88,1
Q9RB37,1
E7T2Q6,1
S9S2W4,1
A0A0W0HL79,1
E1L2U8,1
N8VLI6,1
A0A0K8WZE2,1
A5ZWF9,1
A0A0U1HPI9,1
A0A084DES3,1
A0A0U4ECK9,1
A0A0G0ELH2,1
K0B2R7,1
W8XTT2,1
Q2LA82,1
A0A0U1YUM0,1
A0A0D6T8Z0,1
A0A0T6UNG5,1
M1XY99,1
A0A0A3ZPE6,1
A0A075P912,1
F0GXX2,1
A0A0N1AQA1,1
A0A0K0QVF8,1
Q6WWY0,1
A0A150DD31,1
A0A0J7Z367,1
J8FAW8,1
Q0VTS5,1
Q9LAR8,1
A0A0A8H9W7,1
U2UGV3,1
A0A0H3YFL2,1
A0A0U5B180,1
E3EAE3,1
A0A0A3YXR3,1
A0A127SUM3,1
G7SQZ4,1
I1VZH1,1
A0A103ED48,1
A0A088X720,1
A0A094UAP4,1
T0C6S8,1
A0A069QK45,1
A0A086C2H0,1
A0A0P8WH96,1
B2CD57,1
A0A0A1AWR0,1
K7QD65,1
A0A081Y4G1,1
A0A141RA52,1
A0A0D0NPG2,1
A0A010L303,1
A0A141RE33,1
A0A0K5QM22,1
A0A0S2ZKM9,1
D2JC69,1
A0A100JD76,1
A0A0M4G455,1
K7SCS3,1
X8GQG8,1
A0A0W2HDZ8,1
K7Q9U9,1
J7VE82,1
A0A0P6S3W4,1
V6IZQ6,1
A0A0A0Q7X8,1
A0A0E1NGG2,1
C6SFF4,1
H7E610,1
A0A119HGA0,1
A0A0E1LEY4,1
A0A137RPY5,1
R6BD36,1
A0A0W0B2L5,1
A0A127SAY8,1
A0A090UYV5,1
A0A0H4RE73,1
C3VJU8,1
A0A0A0Q9J0,1
R8QB82,1
A0A023CG80,1
A0A077L029,1
A0A0L0LBU0,1
S7TYQ7,1
A0A0M1IZQ5,1
A0A0B1R237,1
V5PXA7,1
R8WVA8,1
A0A024E3R8,1
A0A0A0YZZ7,1
N8YA55,1
A0A128C8S3,1
A0A0Q9AB19,1
K8W905,1
A0A0M0WLB8,1
A0A0D7KHT8,1
A0A120HUS0,1
Q9RIR2,1
A0A0M3DJ16,1
S3VTE0,1
B1IEX9,1
A0A0F4HDH2,1
A0A100WQU4,1
A0A064D7K3,1
A0A0G4Q215,1
A0A0L1MMF8,1
A0A0A3YPZ6,1
A0A0J8DF19,1
A0A0D9AGQ8,1
C8CE54,1
A0A0E3V2H3,1
A7B8I6,1
K7WQC2,1
Q9KJD4,1
A0A0A2HVJ7,1
A0A0A0Q801,1
A0A0R1P2L4,1
A0A0M1F1M4,1
A0A0H3W0Y8,1
Q1QRR2,1
A0A0K2BGK9,1
J2WV54,1
A0A098MYL2,1
A0A060KTF3,1
A0A0A8HI92,1
W4CTB0,1
D8DVR5,1
U2LBA4,1
A0A0A8HJ86,1
A0A144CB82,1
A0A127SIY2,1
A0A127SV74,1
A0A0S1RS98,1
U5URI7,1
I4L9B6,1
A0A0N6ZNG9,1
A0A0G8EQ15,1
A0A0M3ETW6,1
A0A0D6JEP4,1
A0A0Q8NP15,1
K0N9G9,1
S3IMM0,1
J3A3M6,1
A0A0F0XMI2,1
R9A7K7,1
V0Y3L9,1
A0A060KTG5,1
A0A0B0I3M5,1
E4LJ75,1
E9LZM7,1
A1HTG6,1
A0A0K0Y0Z1,1
A0A081Y5U1,1
J1JZ32,1
D0EJY3,1
A0A103B6Q9,1
J1QMF9,1
J8CQR4,1
A0A120FKC5,1
A0A0M7KLU3,1
A0A0T9M4T5,1
F7UB62,1
F5TDA0,1
I1V589,1
A0A073KP24,1
Q9RM43,1
B2ZTR5,1
Q3KD12,1
A0A0V7Y5N7,1
D0W254,1
S3N8V5,1
R5Z5U5,1
G5JL51,1
A0A0F7LFU0,1
A0A076LSQ8,1
D5RFI1,1
Q58PW4,1
A0A0W0PH22,1
A0A0Q7TBT9,1
A0A060KQ62,1
A0A0D0ETN3,1
J9C964,1
K8RAY1,1
A0A096CCK3,1
T0GKV0,1
R9UDV6,1
A0A081NXV0,1
A0A0Q9SDL5,1
A0A0D8KFT1,1
J8XEI2,1
A0A0B0KSP7,1
A0A085GHK3,1
A0A0E2LKA6,1
K0PYR4,1
Q3SWA8,1
A0A0R0BIE2,1
H6CP56,1
K0G5H1,1
A0A127SZK6,1
J7Y9N9,1
A0A127SCP7,1
A0A0E2M2N8,1
A0A024KYU3,1
S1C5T2,1
A0A068QMR5,1
A0A0U1YWJ1,1
D4W9A8,1
A0A0W0TL65,1
H8FR50,1
F5NXK4,1
A0A0W0HIW4,1
B8IMS5,1
A0A0Y0MSI6,1
A0A0E1VZB1,1
A0A0R5RPG2,1
A0A0Q5M169,1
D1LU77,1
C9LWH4,1
A0A0D5XZI6,1
A0A127SKI4,1
A0A0D5WT53,1
A0A076GRZ9,1
A0A127SJH0,1
Q104Y8,1
Q3LS62,1
A0A0R2YL53,1
A0A0R2MWL3,1
Z4WYQ5,1
A0A0M1I2K3,1
Q937T8,1
A0A0U1HZ39,1
R5NBT1,1
A0A140DM78,1
L0M044,1
A0A069RH52,1
A0A0A2DYP3,1
A0A0T6RJ84,1
N8RGF9,1
A0A0W0MHR3,1
A0A073IK72,1
X2KZE3,1
A0A073CY25,1
N8XK94,1
A0A060KZ03,1
A0A0U1I593,1
Q2G3F4,1
A0A0J7GBB8,1
A0A0P0QE16,1
K7QCV2,1
A0A083UJS5,1
A0A141RND1,1
J2X3Y0,1
A0A0K8JJF9,1
V4IXJ6,1
J7VNM0,1
A0A060L001,1
A0A060KZZ1,1
A0A0U4KAY1,1
A0A076V9Z9,1
L7G799,1
A0A0D1AWS5,1
D5VPN8,1
A0A0T6LB47,1
A0A149PRZ2,1
J3ZVN2,1
R7R4J9,1
A0A0S3MW77,1
C6M3G5,1
A0A158BP48,1
A0A0P8WY66,1
R4V074,1
A0A0E1QCB1,1
A0A133QUD4,1
J2XMD6,1
I6ZM40,1
D3A171,1
A0A0M3H8L1,1
A0A0N7AFF3,1
A0A0Q7AW68,1
A0A0M9D1C5,1
A0A0U0GM27,1
G3ESU1,1
X8DL26,1
A0A0P9I3N2,1
A0A0K2DB86,1
A0A0F2TMK7,1
A0A089HP00,1
K0VU13,1
A0A103FMX8,1
A0A0U4JL32,1
H6Q5F2,1
A7Z3J5,1
A0A0K6KXM0,1
A0A0Q6SP99,1
C8PLD9,1
A0A0J5GHK1,1
A0A0M9D1W2,1
R4S362,1
A0A087NXY8,1
A0A0Q7TTT3,1
A0A0K0QVD5,1
R6B0T3,1
M1EUF7,1
A0A0A0Q8L1,1
A0A095YWP6,1
M9TDF1,1
A0A095EQE7,1
B9XCI2,1
A0A099Q132,1
A0A087KEZ9,1
A0A023WTD3,1
A0A0Q7CI15,1
K8FWY4,1
A0A060V7U2,1
L0M4R4,1
A0A084J0M7,1
M4QA53,1
F5SNY4,1
F3K1G2,1
D8MPI7,1
A0A127SCW7,1
A0A0R2AGR4,1
A0A109G0V0,1
A0A0P9S855,1
G9Y2P3,1
A0A0Q4ETJ9,1
A0A0V9REN6,1
A0A0A2Y982,1
A0A0A0Q8L6,1
A7GYF8,1
R6SYY2,1
A0A127SR90,1
J2VC92,1
D4C360,1
A0A075M395,1
A0A141RNG7,1
A0A141RL86,1
D8MNJ7,1
A0A0J1IK83,1
I3TM79,1
A0A0P0AF17,1
A0A0G8G3Y5,1
E1YL33,1
K2PVD6,1
A0A0N8SIH8,1
A0A127SPY7,1
A0A0A0Q8P5,1
U3AV18,1
G5PB53,1
A0A0D1NFX3,1
A0A0W0PN62,1
W6M7I5,1
A0A126G805,1
A0A0J1VXF1,1
K8WNU8,1
L0NNI0,1
A0A0S4KWV8,1
B0NS79,1
A0A0M0X581,1
A0A0F5SD41,1
A0A0K1Z513,1
A0A0Q7K2T7,1
V3PWC5,1
I6ZR62,1
H6SW48,1
C0LMI7,1
R4WT84,1
A0A0Q7H1P0,1
A0A0G3QDR0,1
A0A009KLL0,1
A0A0U5PDZ2,1
A9DZU2,1
N9RIK2,1
A0A0H3F4Y6,1
J8F9A6,1
W1W6T5,1
U6ZY50,1
W1S2J1,1
A0A091A6T2,1
S1RJX8,1
W0HV77,1
W0I7I7,1
A0A0Q3S8L9,1
A0A0N0Z6M2,1
S0FQA4,1
A0A0S4Q8M6,1
Q4GY15,1
A0A0M2VSU0,1
J2KK32,1
A0A108U9X6,1
A0A0W0AUH0,1
C2ZG46,1
E1UP29,1
B7UPX2,1
A0A109GIG1,1
R3TRQ1,1
A0A118DUE5,1
R4RRV8,1
A0A072YRD5,1
A0A0A0QAW9,1
A0A0P8ZN79,1
D4BZ60,1
A0A0K0N425,1
A0A060KZD2,1
A0A0Q7RTP0,1
A0A059ZDI2,1
S1LYB0,1
A0A0A0F7S9,1
A0A100HQS1,1
F8FPV5,1
R8P6X1,1
S5Z0Z2,1
G2ILK9,1
A0A031H3R6,1
A0A0L8IIX4,1
A0A038GWS0,1
G5QLU6,1
A0A060KZ93,1
I6S3T9,1
E1JYV1,1
A0A0Q7P0I5,1
A0A0Q6WY66,1
A0A0N8GHD4,1
U3U1X2,1
A0A0T6UKC4,1
A0A0B2YWX8,1
N9GY02,1
A0A0Q4HC64,1
A0A0U3ILZ3,1
A0A0T9UAY8,1
Q47308,1
X2GXV8,1
C6CLN6,1
X6KJ15,1
A0A0H3W0X1,1
A0A078M1U5,1
J3D5H8,1
A0A017I971,1
Q307S8,1
A0A0E3Y8T3,1
A0A0A3EUX4,1
D5WBL6,1
A0A060KZ97,1
A0A0W0B540,1
A0A0C1CSN9,1
I6VDW2,1
W2E0F9,1
F0V6U1,1
A0A0F3UL57,1
A0A141RK89,1
H5Y6H4,1
A0A109WEL2,1
A0A132EGI7,1
R6GVH5,1
A0A0A8HVL7,1
D1LFJ3,1
A0A0A8U7S6,1
A0A0A1AEM9,1
B9J839,1
K5YNN3,1
R8KQR9,1
T0QJB3,1
Q84GI6,1
A0A068F868,1
F4T0A0,1
A0A0P8YMK7,1
S1CWT2,1
W3V601,1
A0A085EYM7,1
A0A0Q1J454,1
A0A0K0GD59,1
K8A201,1
A0A0F6XUV3,1
U7SL96,1
A0A0G4JCA6,1
A0A0M6WKF9,1
A0A0H5BJW6,1
A0A0U4CCY3,1
Q31EL5,1
A0A0A1VEF0,1
N8QXR5,1
A0A0Q9HGT1,1
A2RNZ5,1
A0A105C5F1,1
A0A0B6X686,1
Q63BG1,1
C2VTN4,1
A0A127SB10,1
A0A0X9L5U5,1
A0A0U3LL38,1
A0A0A0Q7Y5,1
A0A0A2DVI1,1
A0A141RMP7,1
A0A099DZX8,1
A0A084JQ83,1
S0XBN1,1
A0A150DXL6,1
Q6FBS3,1
W2DF52,1
A0A0M0WNG1,1
Q8VUL3,1
A0A0I9QQQ3,1
L7GJQ3,1
W0XA62,1
A0A089MB69,1
A0A0X1TJN8,1
A0A0P9STU2,1
E8JRQ9,1
A0A0R0B6P4,1
A0A127SDT0,1
F3GUL3,1
J8B6V1,1
A0A0J6AJ04,1
A0A0J5Z426,1
A0A0B9AE02,1
Q98GG1,1
A0A0A3AVW8,1
A0A0J6HW95,1
A0A060KQD7,1
A0A139SSJ0,1
Q84H50,1
A0A0I9QQ02,1
A0A0W7YCB3,1
J3DAN7,1
A0A0M0X4Y8,1
V8R5V7,1
N8S2P8,1
A0A127SLS2,1
A0A009PJF4,1
K2NBR5,1
A0A0Q7JIM7,1
A0A127SJC1,1
C2VBS1,1
A0A0Q4PWR6,1
A0A158FNN2,1
G2Z4Z9,1
U4DW10,1
I2IGT4,1
E1W5K3,1
M8D6I8,1
A0A0Q9V2L7,1
N9LBM9,1
S3IUZ0,1
D6J5D0,1
A0A080UJ41,1
D0WAU7,1
J8G2D4,1
A0A0S3NDH9,1
R9VI07,1
S2KV99,1
A0A0P7KIW8,1
M1L6G3,1
A0A150I2K9,1
W8FAQ8,1
A0A0Q6I169,1
G3LSZ6,1
F5MZR7,1
A0A0F3ZPK0,1
L0FSL3,1
R0VXF0,1
A0A0G1T7L5,1
D2ZZI7,1
A0A0M8YUA0,1
A0A064T3F2,1
A0A0D8WGI6,1
R5YD54,1
A0A023RRC8,1
A0A0B5SBY0,1
A0A127SB31,1
Q62ZD8,1
R4MR46,1
A0A0G2NQ65,1
A0A0T6HBP7,1
N8V8B3,1
A0A0J6WUK5,1
A0A0B3T7A7,1
N9CG48,1
N0B0B8,1
A0A0P9QDX7,1
A0A0T9UUD0,1
A8MN40,1
A0A0K0QLK7,1
A0A0P0IUA6,1
A0A132GEH2,1
G1VUG7,1
A0A0A2TLI7,1
A0A150KZD5,1
A0A0P9P093,1
A0A069ARV5,1
A0A141R9U2,1
A0A0K4QTT2,1
A0A120G7V1,1
A0A0Q6LD49,1
A0A0G8BZG2,1
Q1I6P8,1
A0A125XE69,1
A0A0W0SH12,1
R5YDZ1,1
A0A0V9JPZ8,1
A0A127SEP1,1
N9AJJ0,1
A0A0B5X661,1
A0A088DHN5,1
L9LY55,1
E0XCT9,1
A0A076PVR2,1
H1PIR4,1
I4JMS5,1
C3G2Z8,1
A0A0P7KUT7,1
U7T8F3,1
A0A085H3X0,1
A0A141RM34,1
A0A0F3IH11,1
A0A0S1Z261,1
P0C0R6,1
A0A0G3QEC2,1
A0A0Q9H6P8,1
F0BGW2,1
A0A0K9F523,1
Q5GJ47,1
A0A0U1YUG9,1
X6CGR6,1
G4CEP2,1
X2KZB8,1
A0A158FCC5,1
J2ZFD8,1
A0A073HMA8,1
X0SA63,1
A0A0T8Y508,1
A0A094VTN4,1
Q6WWX9,1
A0A156SM20,1
A0A0S6U0N9,1
A0A013RU75,1
A0A0E1KZP6,1
N8TJL3,1
A0A0F5ERG2,1
A9QKP6,1
A0A0Q4KKK8,1
E2CEW7,1
A0A0A7Q8V1,1
A0A0M2N0P3,1
R9V238,1
A0A059WHE0,1
S1L6C8,1
A0A0G3K6Z7,1
A0A150B9E0,1
G9WH86,1
E6WIX3,1
D5L0D2,1
A0A0B5HVB6,1
J2XQI3,1
A0A0K0QVE0,1
Q08325,1
A0A0X8K5X5,1
A0A0B1K4Z7,1
N8R0V8,1
A0A108E577,1
A0A0W0M2I5,1
A0A0R1MG02,1
D2MX27,1
L2EM69,1
F2AKF1,1
A0A0W1FB41,1
D3V1W5,1
A0A066PSE7,1
R8EAJ8,1
A0A141RIB8,1
A0A0U5L0V4,1
R8CHU3,1
B4W7R2,1
N8RPL8,1
A0A073J4Q4,1
A0A0Q5Z550,1
A0A0J7D281,1
A0A109CMX6,1
R6J142,1
U1TW70,1
Q60250,1
V2V5V4,1
N9Z7I3,1
R5P4N5,1
C6S5H0,1
A0A060KZD6,1
A0A0W0AQT1,1
A0A0J1F083,1
A0A0J9C4S7,1
F8I1B5,1
A0A0Q8ZCP1,1
A0A0A0Q7Z1,1
Q79DX3,1
X8H384,1
D4XKS6,1
R4WAW1,1
A0A0S1RT22,1
S1M5Q7,1
A0A034TZS0,1
M5DFR5,1
O52248,1
H4USK7,1
A0A0S3BQ49,1
W6J4X2,1
A0A0M6YZR5,1
A0A060KQC7,1
W0RAX5,1
R8QJ89,1
B6BHN0,1
A0A0B0KNH9,1
A0A141RIY3,1
A0A0A1RJP3,1
A0A143I180,1
J2XK16,1
X6BFE4,1
A0A0H4UNL6,1
A0A151AN96,1
A0A0A6W6P8,1
A0A0L1K9Z0,1
A0A059KIT2,1
A0A0D0Q709,1
J8LCH4,1
A0A0N0S2F8,1
A0A0T9T9C2,1
A0A127SYJ5,1
H5V695,1
A0A0A1I7H3,1
A0A117SZH3,1
A0A127SDU9,1
A0A141RRA8,1
A0A0F4LQY2,1
D4CUD8,1
A0A0F6Z2Z3,1
A0A024Q8U8,1
D2WSB2,1
A0A0D7XME7,1
Q8RKB1,1
P18330,1
A0A060KQ27,1
J8X555,1
A0A0I9QQ12,1
Q8L2S4,1
A0A085GFM6,1
D1LFF0,1
R8CTG7,1
R7CVK1,1
C6JQ58,1
L0FG90,1
U4R251,1
A0A089MWI9,1
U6A745,1
H2J1V6,1
B6R156,1
L4JJI2,1
C5QNY2,1
B7KUB6,1
L8K7C6,1
D8A5L2,1
A0A0D6TLI3,1
A0A0F1DC61,1
A0A0Q9ZJ97,1
A0A0F0DV39,1
A6UFC2,1
J3EEJ2,1
A3D4C4,1
B5ZZ48,1
A0A118HZB6,1
A0A0N9WJ97,1
R5SS55,1
F0JNW3,1
A0A0P9KV77,1
A0A0V7FY01,1
A0A0G2NMG9,1
A0A069IVC0,1
T5NRH6,1
N1ZKQ0,1
Q323U7,1
A0A0R3CB77,1
A0A104NLF8,1
A0A0A2R5Z2,1
A0A127T6T2,1
A0A0Q4N8S8,1
A0A0Q9FEF6,1
A0A0A0Q9K0,1
A0A0Q8XBR6,1
X2L3W6,1
A0A022PMV0,1
A0A0F6IVF0,1
I1VJ14,1
C3F1K4,1
B4DBG1,1
A0A104M6X2,1
A0A059XD23,1
A0A0S2KLS7,1
R4RPE6,1
A0A0W0JR71,1
A0A0U1YUL1,1
A0A0F4SP31,1
A0A090ZCZ9,1
J8FTU3,1
A0A0T9TBD4,1
L0HTV3,1
C5ZXI4,1
A0A0M3R7E1,1
A0A0U1KWT6,1
A0A150BY18,1
A0A0L0LKC0,1
U1H2V5,1
A0A0D6HY69,1
S4Y532,1
A0A0Q8PU15,1
A0A0D6SXC4,1
E9RZN7,1
U3N6P8,1
C9R4F0,1
A0ESG8,1
A0A0J1MNX8,1
A0A0C2QMF5,1
A0A084IXL3,1
A0A139DSW7,1
A0A089Q2X0,1
Q3LG63,1
R6ZKC7,1
A0A0F4V8I8,1
A0A0U1YV06,1
K9NIX5,1
A0A127T310,1
M5R0S1,1
A0A0W0RNQ5,1
W0ANI6,1
A0A0K1Z4Y7,1
Q9AMA0,1
A0A083ZXG9,1
A0A0Q6KXS8,1
A0ESJ6,1
A0A127SDL6,1
U2IYK3,1
J0H3K9,1
J7GS97,1
A0A0R2EDX4,1
A0A0M7ENE1,1
A0A0E0U187,1
E8YWD4,1
Q2VCE4,1
Q1MMI4,1
F9H1B7,1
A0A0Q0ENR3,1
A0A0M0NA63,1
A0A126PPA7,1
D8AP73,1
A0A078KQC4,1
V1HXM0,1
D2TRQ2,1
A0A0B5IJP8,1
A1UJW6,1
A0A0E1MF48,1
M1LRD4,1
Q2T8C6,1
A0A0W1CS55,1
Q8L1M4,1
A0A0S2SBK4,1
A0A127SU42,1
U2VFZ6,1
A0A0T6VNR3,1
A0A0K2ZRZ8,1
A1YJK6,1
A0A096YLY2,1
A0A0A8BM90,1
A0A0L0BAQ6,1
A0A0M3STF3,1
X6Q3X8,1
A0A141RAI5,1
A0A0F6BJC0,1
A0A0T7FMH0,1
A6QA78,1
W0F3K7,1
R4WAP2,1
A0A026V160,1
Q6A4I3,1
I1V578,1
A0A128AF63,1
D7PII0,1
A0A127SSQ5,1
A0A150TF67,1
A0A158RKM7,1
A0A0Q4ENQ7,1
B3PI58,1
A0A0Q7SFH1,1
J3GRF3,1
A9WW52,1
A0A0G8EMV7,1
D2TUE2,1
A0A0U3LEQ7,1
A0A0H3J7R3,1
A0A0E1S996,1
A0A0H3CTI4,1
D4KXF3,1
U5DDY1,1
A0A0A6Q284,1
H0G0V6,1
A0A140H9G7,1
A0A0Q7D923,1
A0A0S1YF07,1
V6I5X9,1
E3HNJ0,1
A0A0W0IE45,1
A0A0B7GBH5,1
A0A0C1GZZ3,1
V5ALM1,1
V9GHW6,1
A0A085GAK8,1
A0A0C3EDB5,1
A0A068HJQ2,1
J2SBI8,1
A0A0N0ERL4,1
A0A0C1ZK75,1
A0A0W0P4F9,1
A0A0F5R1F7,1
A0A0P9N4M4,1
A0A0A8UFM4,1
A0A0R0C338,1
A0A0N0XVN5,1
F2A966,1
S3YK71,1
R6BN08,1
A0A154TTT8,1
A0A0R2RYU7,1
T0GF92,1
A0A0K0QVE4,1
A0A155VJ91,1
A0A068RD48,1
A0A0D0Q2G1,1
A0A064DGM2,1
A0A0V0PYF0,1
B4RP40,1
Q53685,1
Q6KB06,1
A0A0M9AWZ1,1
A0A132EI25,1
A0A0N9ZR54,1
A0A098M926,1
B8ZI14,1
A0A0G3FB19,1
A0A0U5HC78,1
R7PDW7,1
A0A0E3KEI5,1
A0A133I2Q5,1
A0A0K9GUX5,1
A0A084DKN5,1
A0A0D1IPB2,1
A0A0U5LBU9,1
A0A0V8C7A0,1
A7HS58,1
A0A142F7T1,1
A0A0T9TZ28,1
I6D8H2,1
A0A125S6J9,1
A0A0C6P5V4,1
A0A0A6DE85,1
A0A0F2NPX3,1
W0SJB3,1
R8YVX7,1
A0A0D0JYK8,1
C0EKF4,1
A0A0N9WAG3,1
J2DNX5,1
M4R8R8,1
F0KJS2,1
I6YPN5,1
J8RR07,1
A0A109FTJ6,1
A0A090HZK0,1
C8C179,1
V5MYM2,1
A0A0L6TZX8,1
W8A5M6,1
A0A0B5KE67,1
D1NXA3,1
K6CKQ2,1
A0A158C4J2,1
A0A141RHY2,1
A0A085GXL6,1
J2YF63,1
B2I576,1
A0A127T2S0,1
A0A0A0YXB4,1
A0A0C2R8Z8,1
N2IVE7,1
A7Y405,1
R8PHU3,1
A0A0C2B3I2,1
A0A031J2E9,1
A0A127D3M3,1
F7JPC5,1
H3RCX3,1
D1LFI8,1
A0A0S1ULF5,1
A0A0C2BKL3,1
A0A0S1RS79,1
C8C0S9,1
A0A0A6W3V0,1
A0A119UZC5,1
B8ZI28,1
A0A126PQQ7,1
A0A124EZV1,1
A0A0B0Q9Q1,1
E6LBU2,1
L7QJP2,1
K2RVF1,1
A0A0M0A5N7,1
A0A009Z7E4,1
R6GXH3,1
A0A0Y5PH77,1
P75830,1
W3V324,1
I3E3W8,1
A0A0D7XN75,1
A0A0W0YAP0,1
A0A0K0QEE3,1
A0A150KX24,1
A0A029NTT5,1
M5QGI6,1
W1IVD4,1
Q83V91,1
A0A0T9T3X9,1
A0A142D587,1
E8LDY8,1
A0RP01,1
A0A091A3N2,1
A0A150EJH5,1
M5FEF1,1
A0A0R2DJE1,1
A0A0V2DCQ0,1
Q0VTS3,1
A0A0M1RAS9,1
F0JWD5,1
A0A0M3EWT8,1
D8E3D9,1
P52067,1
H0PT64,1
U2Z2S8,1
R9PFH3,1
A0A151YMH5,1
V9WUV1,1
B6BVY6,1
V5NA29,1
R8HMG0,1
A0A097SRQ8,1
T2G781,1
A0A0U3SWZ9,1
A0A0F3LWL8,1
A0A059UYQ6,1
A0A0F5FSI7,1
A5G7K8,1
A0A0E0W066,1
E1A688,1
A0A0C5E4Z3,1
V5T9H5,1
N9EBG0,1
M9TJA7,1
A0A085JHY7,1
D7AWL3,1
E6GKQ3,1
A0A068TM30,1
A0A0S3BHD7,1
A0A0A0DUJ5,1
A0A090KNK1,1
E2XE24,1
J2SQI1,1
A0A0G4JB37,1
H5UY49,1
A9N5B2,1
A0A0Q6ZUE0,1
A0A0Q5XUY7,1
A0A0J1LVE6,1
A0A095WJ63,1
C7CL23,1
A0A127SI91,1
K8R7N2,1
A0A141RN14,1
A0A0M3ESK7,1
A0A0Q4WRE6,1
B3SRA9,1
A0A0A8GY65,1
M6UGM7,1
S5N8A9,1
A0A141RQ38,1
A0A023YU38,1
A0A080UE39,1
J7ZVL2,1
K8WPA4,1
C8C0S6,1
A0A0C5S3E7,1
A0A0H4SHU7,1
A0A0D1JRY7,1
N2H7H1,1
A0A127SSN8,1
G0PUG4,1
A0A0A0Q800,1
A0A0N0XGS3,1
A0A0B1R8P9,1
A0A0M3USU4,1
A0A0Q5W995,1
A0A0B4ZVM0,1
N9LUG1,1
A0A0E4H934,1
E7S6Y5,1
E3I422,1
A0A0E2Q403,1
Q7N8A4,1
A0A0A7TU30,1
E0TVV2,1
V4NI11,1
A0A0Q6KCC5,1
A0A077NUE4,1
A0A127SU17,1
A7Y416,1
X2KZL1,1
A0A0M3CJN3,1
J3A3D9,1
A0A0J1NFA5,1
A0A069P772,1
A0A0G6PJK6,1
A0A0J5VV22,1
A0A0N0WZ45,1
J0VWZ3,1
P60936,1
A0A0M1NF31,1
A0A0D1BU19,1
A0A0M5JX58,1
A0A085HAX1,1
B3Q5X8,1
C4NV14,1
H0SGI9,1
A0A0M0N1H9,1
A0A0F3LZV0,1
A0A0H3W1A1,1
A0A0F5IK67,1
T0PAZ5,1
A0A0K2JNF9,1
B8D8M0,1
A0A0E9MBL8,1
A0A0J6ZMN3,1
A0A0Z8CFJ4,1
A0A0Q8LT79,1
A0A0W7YJ77,1
spD0NTC5,2
spD0NVF3,2
spD0NYP1,2
spD0NZA8,2
spD0P0D8,2
spQ5HPQ5,2
spQ6GEG7,2
spO07747,2
spP0C0F7,2
spA0A0P1A8B0,2
spP0CV33,2
spP0CU92,2
spP0CU96,2
spP0CV09,2
spA0A0P1AM89,2
spA0A172M490,2
spP0CV26,2
spP0CU98,2
spB6V867,2
spO34344,2
spQ9KI14,2
spC5FHK0,2
spQ70DX9,2
spQ9KI13,2
spD4ANG0,2
spC5FBW2,2
spQ70J59,2
spD4DBH6,2
spD4AK75,2
spC5FTQ5,2
spQ70GH4,2
spD4D7N6,2
spD4AIK6,2
spC5FRX4,2
spQ4WQU0,2
spD4D9U2,2
spQ4WGU1,2
spO06949,2
spQ8VSR1,2
spQ5A872,2
spP0DJY7,2
spA0A0P1B6Y2,2
spA0A182BSS2,2
spA0A182BSR8,2
spP0CV07,2
spA0A0P1AL95,2
spP0CV23,2
spP0CV37,2
spP0CV11,2
spQ8VPM1,2
spB8NQ51,2
spJ3K844,2
spC0S3M9,2
spF2SCC4,2
spC4JUE5,2
spD7UQ40,2
spQ59LF3,2
spP55130,2
spD0ZKX9,2
spQ2FVN3,2
spQ99RP3,2
spQ840P7,2
spQ99VR8,2
spQ6GIT7,2
spQ4WM22,2
spD4DLI5,2
spE4UWA4,2
spC5P4Z8,2
spD4AQG0,2
spC5FX37,2
spE4UTU7,2
spE4V2V9,2
spE4V5C5,2
spQ5VJ71,2
spP18450,2
spP22432,2
spG4NF05,2
spD2TN57,2
spQ80874,2
spW7MPI5,2
spI1S5P3,2
spG2X740,2
spQ5ANB1,2
spB0YEV0,2
spA0A3T2V133,2
spJ5J930,2
spD4ANC3,2
spD4D7C5,2
spQ5A5M7,2
spD0N0Z8,2
spD0N158,2
spD0MZL5,2
spD0N0I9,2
spD0MQL8,2
spD0NUQ3,2
spD0N5L4,2
spD0N6E1,2
spD0NBE6,2
spQ5AB48,2
spP9WIF4,2
spQ79FU2,2
spQ79FR3,2
spQ79FP0,2
spO59939,2
spQ4WPX2,2
spQ4X1W0,2
spG5ADB3,2
spE0SAK8,2
spP0CV68,2
spP0CV46,2
spP0CV13,2
spA0A182BSS0,2
spP0CV04,2
spA0A0P1B8W9,2
spP0CV17,2
spP0CU93,2
spA0A172M485,2
spA0A182BSS4,2
spP0CV24,2
spP0CU99,2
spA0A0P1ATX0,2
spP0CU97,2
spP0CV36,2
spA0A2L0WUE7,2
spD4AZV8,2
spE1WAC4,2
spP35823,2
spP35827,2
spQ4WR82,2
spQ4WF61,2
spP0A8W2,2
spQ4WAR8,2
spQ9RB09,2
spP61090,2
spQ2G2R8,2
spQ3LZX1,2
spQ5AKU6,2
spA8GG78,2
spO51810,2
spF9WWD1,2
spQ82034,2
spP0CV31,2
spD0N0J7,2
spA8E1U5,2
spQ8VSR2,2
spE6Z0R3,2
spQ833J1,2
spA0A024F8Y4,2
spP42869,2
spQ48245,2
spQ2YPD5,2
spQ5AP80,2
spO10365,2
spQ46558,2
spQ07833,2
spQ9I733,2
spP0A3W4,2
spO32522,2
spD4DD24,2
spQ47692,2
spQ8G2P5,2
spP31494,2
spA7UMW1,2
spL7N675,2
spQ50703,2
spQ4WX78,2
spQ79FI9,2
spD0NRS4,2
spP0CV44,2
spP25192,2
spP25190,2
spQ6FTB1,2
spQ8YDZ0,2
spC5FW52,2
spB6A880,2
spD0N118,2
spE0SIS2,2
spP0CV42,2
spP22940,2
spP95374,2
spJ5JPY5,2
spP34053,2
spI1RII8,2
spQ4UU85,2
spA0A0P1ATM7,2
spH6S3X4,2
spA0A0N7L7I9,2
spA0A172M419,2
spP0CV25,2
spA0A172M473,2
spA0A172M418,2
spQ0Q466,2
spP15777,2
spQ7T6T3,2
spQ54114,2
spP31831,2
spQ54177,2
spP06886,2
spP67661,2
spP0CV02,2
spP0CV01,2
spP0CV05,2
spP0CV06,2
spA0A172M4N1,2
spP0CV16,2
spA0A0P1AFH7,2
spP0CU95,2
spP0CV34,2
spP0CV10,2
spD0ZSY9,2
spP0DUB4,2
spP0DTW7,2
spQ48258,2
spP42871,2
spQ4UWF4,2
spQ6G2B3,2
spQ8YBA4,2
spQ70627,2
spQ4WZ44,2
spQ82035,2
spP30031,2
spB3SRY0,2
spC5FR79,2
spA0A4P7TME1,2
spD4AIS3,2
spJ4KLU1,2
spD4DFT3,2
spJ4UHQ8,2
spP37916,2
spQ9KS43,2
spQ2YPD3,2
spQ06206,2
spP17088,2
spW2PEP3,2
spA0A0H3NGF1,2
spP0CV51,2
spP0CV52,2
spQ2YKV1,2
spD4DE18,2
spD0ZW85,2
spP40114,2
spA0A0J9U3L6,2
spG4NEE4,2
spP95745,2
spO68718,2
spA0A0H3K7M3,2
spQ65984,2
spQ57475,2
spG4ZHR3,2
spD4AT39,2
spA9MFB2,2
spP9WJ67,2
spQ5AAJ8,2
spC7ZBE4,2
spQ6Q888,2
spQ01996,2
spQ6Q887,2
spQ6Q878,2
spQ6Q881,2
spQ6GED5,2
spQ6EZC2,2
spQ8J0D8,2
spQ5MQD0,2
spQ01977,2
spP59594,2
spQ5PI48,2
spQ0Q4F2,2
spI1S3T9,2
spP9WFD7,2
spP31492,2
spP0C2N1,2
spB6A878,2
spP55219,2
spQ59PT0,2
spI1S3C6,2
spQ9KNE5,2
spO53281,2
spQ6FYW3,2
spD4AIC4,2
spI1S2K3,2
spQ5AKU3,2
spP16945,2
spQ6Q884,2
spQ5A287,2
spD0NXM3,2
spQ9RER2,2
spO34105,2
spC5FQI3,2
spQ6EZC3,2
spQ8J0D9,2
spD4DIS6,2
spQ64K36,2
spC5FJA5,2
spC5PFR5,2
spQ8NID9,2
spG4NAY4,2
spD4CZ60,2
spP11224,2
spQ008X4,2
spQ5HEL3,2
spP25191,2
spQ9C1B3,2
spQ09056,2
spQ6GFM2,2
spP0CV74,2
spP0C145,2
spQ8YDZ1,2
spP08061,2
spP0DTS9,2
spQ6GIL6,2
spB0KTG9,2
spQ59R32,2
spQ8G2P7,2
spP17087,2
spG4NYJ6,2
spQ6FYW2,2
spQ57PU2,2
spQ70FG9,2
spP9WHU1,2
spP0CV58,2
spP0CV59,2
spP0CV63,2
spQ48247,2
spQ6Q879,2
spP42872,2
spP37917,2
spQ8G2P9,2
spQ8G2P8,2
spJ9N5P9,2
spQ2LMP0,2
spD4DGR1,2
spQ8Z6I7,2
spP42870,2
spP17086,2
spW2PDG1,2
spQ59WG5,2
spP19520,2
spQ5AJB1,2
spQ9RPX3,2
spP31489,2
spD2TN56,2
spQ8GQQ1,2
spP37915,2
spQ59MD2,2
spP37131,2
spP17091,2
spP24421,2
spI1RQU5,2
spP15597,2
spO85172,2
spQ02458,2
spQ9KNE6,2
spQ2YPD7,2
spA0A0D1E9B9,2
spP31490,2
spB6A881,2
spB6A882,2
spG4ZBI3,2
spE0W4T1,2
spG5A8D2,2
spE5A7E3,2
spQ572D3,2
spD0P3S7,2
spP0CU79,2
spQ2YKY9,2
spP06575,2
spQ255H9,2
spB0BC06,2
spQ14RS2,2
spL7IKV1,2
spV5Y0V0,2
spQ59L12,2
spV5XZU7,2
spQ96VB5,2
spQ6GF36,2
spQ96VB3,2
spC9K1N0,2
spP09166,2
spQ08676,2
spV5Y0F7,2
spQ5HG04,2
spQ9KJN3,2
spQ8NJQ5,2
spC9K7C1,2
spC9K7C5,2
spQ46638,2
spC9K7B8,2
spQ46628,2
spQ5ANH2,2
spA0A5C1RD96,2
spA0A5C1RDG7,2
spA0A0D1DWQ2,2
spP0A369,2
spP0A374,2
spO66377,2
spE0W547,2
spQ56830,2
spQ5AK54,2
spA0A068ACU9,2
spA6SSW6,2
spG0LET5,2
spA0A0H3GGE2,2
spQ5AEM6,2
spQ9HXE3,2
spA0Q5Y3,2
spD0ZY51,2
spQ5AJ71,2
spQ939T0,2
spD5CBA0,2
spA0A1S4NYE3,2
spB2RM93,2
spD0NPE9,2
spD0N0R8,2
spD0N8F5,2
spD0N9J3,2
spP0DOA7,2
spQ9Z6M7,2
spQ3KLY4,2
spA5F3A7,2
spO93800,2
spO93801,2
spV5XKK6,2
spA7X4K2,2
spB9DML4,2
spC9K1M8,2
spP09167,2
spQ50LG0,2
spQ45914,2
spC9K7D8,2
spQ46630,2
spQ46637,2
spC9K7C0,2
spA0A5C1RDA6,2
spQ2FDU6,2
spQ2FV57,2
spQ2FH09,2
spQ2YY38,2
spA0A0H3G4K1,2
spQ5AL52,2
spG0LET8,2
spQ6WP50,2
spA0A1L3THR9,2
spD0NJ41,2
spQ6PQH2,2
spP36317,2
spQ9ZFV7,2
spQ9ZFV5,2
spQ8FHG6,2
spQ2G0D9,2
spG4N4W3,2
spG4N525,2
spB3SRT2,2
spD4AM79,2
spQ82029,2
spP41748,2
spQ5MWV9,2
spB0B7U3,2
spQ822F2,2
spQ6H9H9,2
spQ5K0D9,2
spP9WMB5,2
spA3M3H0,2
spA0A284RE13,2
spQ5B4H2,2
spQ2YWE8,2
spQ99U93,2
spQ6GH17,2
spQ6G9H0,2
spQ2T708,2
spB1GVX3,2
spQ5A651,2
spP19321,2
spQ06366,2
spP56957,2
spQ3KKG8,2
spB3BM80,2
spB3BM48,2
spQ6DWK3,2
spQ8PQ45,2
spP9WPL5,2
spQ8H6Z6,2
spD0NM15,2
spD0NQ80,2
spQ2FH47,2
spQ6DQW3,2
spA0A2G5IC96,2
spP0C097,2
spD4ARB1,2
spQ838U8,2
spB9WZX0,2
spQ4X099,2
spP25088,2
spA0A1D8PQB9,2
spB0Y473,2
spC9K1M7,2
spR4WH05,2
spP0C1P7,2
spQ75ZG3,2
spQ6GGZ4,2
spC9K7C8,2
spC9K7C7,2
spA0A5C1RFS2,2
spQ5AAU5,2
spQ6LAD6,2
spQ5G7K8,2
spM4C699,2
spP22287,2
spP14727,2
spP13836,2
spQ8RK06,2
spP0A368,2
spP0A375,2
spG4ZJX4,2
spG4ZLE6,2
spQ8RK07,2
spB1NNT7,2
spI1WUC2,2
spA6SSW9,2
spQ5XYH8,2
spQ6WP49,2
spA0A0H2WHF1,2
spQ8NUQ6,2
spD0RLZ2,2
spQ6GGX8,2
spP9WP41,2
spP9WHH8,2
spQ2FWX9,2
spQ4WMJ1,2
spQ4WMK0,2
spC5NN18,2
spQ9Z6M8,2
spQ6FJQ9,2
spQ9PK22,2
spL7HYA8,2
spQ5A2Z7,2
spV5XZU2,2
spO74660,2
spQ5A8T4,2
spP16454,2
spQ5HMY5,2
spQ06306,2
spQ50LG1,2
spQ50LG2,2
spQ75ZG2,2
spQ46629,2
spQ46632,2
spC9K7B6,2
spQ46634,2
spC9K7B7,2
spQ46639,2
spQ5AJU7,2
spQ6TNA5,2
spI3ZNU9,2
spI1S104,2
spQ2UEH7,2
spP0A367,2
spQ2UG11,2
spP0A376,2
spQ46085,2
spP05519,2
spP56955,2
spQ45757,2
spQ45758,2
spQ45708,2
spB2RKU0,2
spP95493,2
spG1FR37,2
spG4ZSG0,2
spD0NIW0,2
spI1C4E4,2
spE0W5H5,2
spQ5HFZ4,2
spP36556,2
spP36557,2
spP81549,2
spQ5ABU8,2
spG0LEU0,2
spE4QH55,2
spB2RML6,2
spQ59SU1,2
spE9ERT9,2
spQ2NYD9,2
spQ5APR8,2
spQ5A0X8,2
spA0A0M5K865,2
spP0A383,2
spQ8V2X0,2
spP19264,2
spP33871,2
spP41790,2
spQ65163,2
spA0A0D1CZ63,2
spP55126,2
spD0NZB7,2
spA0A3B7TNW2,2
spP0CU38,2
spE5A7D8,2
spD0P1A8,2
spO84377,2
spQ5L5E7,2
spQ3KLY0,2
spP10565,2
spG4N1P8,2
spC9K7F3,2
spO13368,2
spA0A1D8PQ86,2
spQ9P4U7,2
spD0NVB5,2
spQ2M408,2
spQ2M405,2
spO05442,2
spQ51WZ9,2
spI1CFE1,2
spI1BJN3,2
spQ2FDU5,2
spQ2YWE7,2
spQ99R75,2
spA9JQL9,2
spQ4L976,2
spG4ZRQ7,2
spQ2YWE5,2
spQ99R73,2
spQ6GDN5,2
spD4ALQ5,2
spQ5AFA2,2
spP0A3B2,2
spQ9ZKJ5,2
spG0LET9,2
spB1GVX2,2
spG0LEU4,2
spQ5A506,2
spQ4WXY0,2
spP72367,2
spQ4U4T0,2
spE9F9R9,2
spD1MF76,2
spC4YDI6,2
spQ2FV74,2
spD4APE2,2
spA0S5V9,2
spQ45407,2
spQ45411,2
spP58594,2
spQ9EXQ1,2
spQ46158,2
spQ9S0W8,2
spP59914,2
spE5A7E1,2
spE2DWQ7,2
spQ589W8,2
spC5NN19,2
spQ59LY1,2
spP25927,2
spO84378,2
spQ255I0,2
spQ5L5E6,2
spQ255I1,2
spQ9Z6M6,2
spQ14U76,2
spP30996,2
spP56956,2
spO84876,2
spD4AN26,2
spC4SGN7,2
spA2PU44,2
spP22260,2
spP43529,2
spQ6FJH4,2
spB0Y6C5,2
spP96855,2
spQ0UI00,2
spP0A378,2
spQ6G6B0,2
spP58593,2
spP58600,2
spP35591,2
spQ9XB20,2
spB2RH58,2
spQ07910,2
spA7WZC5,2
spP50612,2
spQ60246,2
spP14738,2
spQ2FHS7,2
spQ2FED4,2
spA5IVE3,2
spQ2YZ23,2
spG4N7S6,2
spF9X3D9,2
spA4N8V8,2
spP46733,2
spP31502,2
spA0R2I8,2
spQ9EV29,2
spP55117,2
spP55123,2
spP09616,2
spQ9PK21,2
spQ5L5E8,2
spQ59WH0,2
spB2DFU4,2
spQ59Z29,2
spC4ULG3,2
spQ4L7S0,2
spP61649,2
spQ06303,2
spD9N1A1,2
spB6A879,2
spQ07601,2
spC9K7C3,2
spC9K7C4,2
spC9K7C2,2
spE3QFA7,2
spA0A5C1RDA3,2
spA0A5B8NIM2,2
spQ00363,2
spG0LET7,2
spQ56NG7,2
spP18568,2
spQ56NG8,2
spQ6WP51,2
spP0CY27,2
spO14456,2
spC4PQQ9,2
spO74199,2
spC4PLJ4,2
spE9F7R6,2
spP26295,2
spP32557,2
spQ4WPH9,2
spN1JJ94,2
spF4RC55,2
spQ05094,2
spP64079,2
spG4NH08,2
spQ3S406,2
spP41796,2
spP0A1C9,2
spA1A653,2
spB2RH54,2
spQ51826,2
spP9WNX5,2
spQ4WMJ8,2
spE9R9Y3,2
spQ4WMJ5,2
spE9RAH5,2
spB6V868,2
spP64074,2
spA1L017,2
spA1L015,2
spQ6PQG3,2
spP29889,2
spO32390,2
spQ9XB38,2
spQ4PEN0,2
spQ99UV1,2
spQ45980,2
spP37319,2
spP28283,2
spB1AC90,2
spO74623,2
spQ9P4U9,2
spQ8NVK5,2
spQ54337,2
spA0A125SUR4,2
spQ06304,2
spQ06305,2
spV5XYQ7,2
spQ9PJC9,2
spQ4R0J7,2
spP0DPK1,2
spQ2YY04,2
spQ6QDR4,2
spA7VMU5,2
spQ46635,2
spQ9HXD2,2
spA0A5C1RHX3,2
spA0A2H3CTK0,2
spM4C367,2
spQ4WI89,2
spP11437,2
spP13835,2
spG1UB63,2
spB8NI10,2
spG1FQR7,2
spQ9F3T4,2
spP0CV73,2
spQ4P2U6,2
spB1GVX4,2
spB1GVX6,2
spP0CM54,2
spQ9LBR2,2
spP46082,2
spB6A876,2
spB0B9A0,2
spQ06153,2
spQ93R80,2
spA7UKV4,2
spQ5XD01,2
spG1FSB5,2
spA0A0H3G586,2
spQ9URQ0,2
spE5A7E2,2
spW2PED7,2
spQ8DVR0,2
spA6X5T5,2
spQ3KLY3,2
spP0C8R5,2
spQ822F3,2
spL8AXV5,2
spA0A5C1RFE1,2
spA0A5C1RF03,2
spA0A5C1REZ4,2
spA0A5C1RGE8,2
spQ939S9,2
spH9T8G4,2
spH9T8G6,2
spQ2M3Z7,2
spQ8H6Z4,2
spQ5HCY9,2
spQ9RH91,2
spP58597,2
spP52641,2
spQ45412,2
spB1AC88,2
spG5AE35,2
spQ59Q30,2
spA0A1D8PN12,2
spQ5A1L6,2
spA0A1D8PN14,2
spA0S5W0,2
spI1R9B0,2
spI1R9B5,2
spI1R9B6,2
spI1S490,2
spI1R9A9,2
spI1R9A8,2
spA0A098D1N7,2
spP05516,2
spQ9PK20,2
spQ822F4,2
spQ59RR0,2
spG4N2X2,2
spQ49YZ1,2
spC9K1M9,2
spQ99U73,2
spO69622,2
spC9K7I3,2
spQ51LD2,2
spD4B5H9,2
spA6SSW5,2
spB1GVX5,2
spP0CL63,2
spP12964,2
spA0A0H3HIJ5,2
spA0A0H2XCS3,2
spP0DJ06,2
spD3UTF4,2
spA0A0U1LQE6,2
spA0A0U1LSP0,2
spA0A0U1LSP7,2
spQ2M3Z8,2
spQ4L978,2
spD0NPQ0,2
spD0NBU6,2
spD0NB65,2
spQ931R7,2
spP58595,2
spP21053,2
spP41792,2
spA4GYZ0,2
spP08353,2
spP0CL13,2
spA0A384JQF5,2
spQ14RS1,2
spL7HT17,2
spQ5A8T7,2
spQ59QC5,2
spM4BUU2,2
spM4B6G6,2
spP43147,2
spQ8DTS9,2
spP41791,2
spQ4PEN1,2
spF9X9V2,2
spQ52374,2
spP0C082,2
spI6Y9F7,2
spP0C085,2
spQ7NBF8,2
spQ740J9,2
spP0C8I3,2
spA0A0H2XEK8,2
spD4AWC9,2
spQ4WFX9,2
spC5FLR8,2
spA7UI10,2
spD4D3D1,2
spP0C2V3,2
spQ5ZT84,2
spP9WGU7,2
spP9WIP7,2
spQ5HH70,2
spQ99V76,2
spQ9EV32,2
spQ9EV30,2
spI6Y2J4,2
spC6DS31,2
spE9EPV1,2
spP08089,2
spQ9QBY1,2
spC5FYJ7,2
spB6V866,2
spA9YDN6,2
spP9WMY5,2
spD4DIV0,2
spB2RHG5,2
spB0Y9E2,2
spB0XPZ1,2
spC5PE62,2
spQ6WIH4,2
spB6VA81,2
spQ6WIH2,2
spA1XIM5,2
spQ9AIV3,2
spQ8NWU7,2
spQ7A5R9,2
spD4DEN7,2
spO42630,2
spO14427,2
spQ9X721,2
spF4RBY2,2
spF4RWV0,2
spQ02307,2
spQ5J6J3,2
spQ99003,2
spO32591,2
spQ56570,2
spA1A654,2
spQ2YXC0,2
spA6QG57,2
spQ8NX51,2
spA1DA59,2
spG4NF50,2
spQ59PF9,2
spQ03945,2
spQ03946,2
spQ03947,2
spQ04314,2
spP46083,2
spP0DPR0,2
spQ5ABE2,2
spQ6G6V8,2
spP69053,2
spQ2KEJ2,2
spG4N3F6,2
spQ5AG71,2
spQ9ZN40,2
spP09983,2
spP28030,2
spP16947,2
spQ6GA86,2
spP16462,2
spQ5X159,2
spO54082,2
spO54081,2
spP31715,2
spP31716,2
spP0A3Q5,2
spQ9XZH7,2
spA0A4Q4NJ90,2
spQ9XYH7,2
spI1WVY3,2
spP9WP43,2
spD4D8U6,2
spQ9XB21,2
spB1AC87,2
spD4CZ59,2
spQ47188,2
spP41793,2
spA0A0H3GFN0,2
spP19265,2
spP55127,2
spQ06277,2
spP45385,2
spQ6GBH0,2
spA5IQL2,2
spQ5HI09,2
spQ932F1,2
spQ6GJ11,2
spQ4L481,2
spQ49VK3,2
spP28031,2
spP09545,2
spQ7A656,2
spQ4WJJ0,2
spP23382,2
spP0DPS5,2
spP72194,2
spQ8NXC4,2
spQ9EV31,2
spH7CE70,2
spA0QLI5,2
spP02977,2
spO41804,2
spP03407,2
spQ9IDV1,2
spP22378,2
spP31818,2
spQ1A260,2
spP05861,2
spQ8AIH4,2
spP27970,2
spP27979,2
spP05863,2
spQ5ADT1,2
spB6V865,2
spC5FVN6,2
spD4B5N0,2
spD4D4Z1,2
spG4MWZ7,2
spQ8NIH1,2
spD4DIT1,2
spD4ALW9,2
spD4DI84,2
spB8NC58,2
spD4CZ44,2
spC5FNU8,2
spO13352,2
spQ7MX71,2
spQ8CPC0,2
spA7X5Y5,2
spQ2YZ24,2
spQ2MGH6,2
spQ8DR60,2
spE9RCR4,2
spQ4WMJ9,2
spC5W022,2
spQ59XA7,2
spQ5A849,2
spP42782,2
spP45384,2
spA7UI11,2
spQ5QHG5,2
spD4DHE3,2
spQ6GE73,2
spQ49ZT8,2
spQ6GE72,2
spQ47185,2
spO50319,2
spG4NBL6,2
spQ6RK33,2
spQ5AQ33,2
spP35674,2
spQ6VE93,2
spO25087,2
spP16466,2
spP28029,2
spQ54318,2
spQ00951,2
spQ5AHH4,2
spQ59XB0,2
spQ5A7R7,2
spQ5A1E0,2
spD4ALG0,2
spD4B4P8,2
spD4AZ68,2
spD4B4Q2,2
spD4AY86,2
spD0LB45,2
spQ5Z3P6,2
spQ59VQ3,2
spO33599,2
spQ99WV0,2
spP9WNY9,2
spP51752,2
spD4DDS4,2
spQ5QHG6,2
spP0CH60,2
spA0A0B5L7R4,2
spG4MXJ9,2
spQ4W9P4,2
spQ2YKK7,2
spQ59VH7,2
spQ2G0P5,2
spA0A098D1J7,2
spP52869,2
spQ07591,2
spO31000,2
spI6Y3Q0,2
spP28784,2
spQ4L975,2
spQ6GDN7,2
spQ45409,2
spP9WMA9,2
spQ59QW5,2
spQ5A0W9,2
spB1AC89,2
spE9FCP4,2
spQ59X67,2
spD0NBV4,2
spD0MSS2,2
spP9WNJ5,2
spO57178,2
spP0A208,2
spQ9ZFV2,2
spO70022,2
spQ4WLW8,2
spQ5A7S7,2
spP0C8G8,2
spB2HE92,2
spP59026,2
spQ9RF12,2
spQ8VUZ6,2
spP20419,2
spQ83RR1,2
spI1RRW0,2
spP04603,2
spA0A5C1RGL7,2
spQ5ADQ9,2
spD3UTF3,2
spB0BAX9,2
spP9WIR3,2
spP43528,2
spQ53654,2
spI6YCA3,2
spP14608,2
spD4AZK1,2
spC5FEK4,2
spQ47187,2
spD0NBV3,2
spB2RH57,2
spO85806,2
spP58229,2
spQ9EYV5,2
spP63236,2
spQ5HDJ4,2
spQ5HLN1,2
spQ8CRA8,2
spQ4L8M0,2
spQ49ZT9,2
spP07965,2
spP22542,2
spP0A4M3,2
spQ07425,2
spP31518,2
spQ9F8R8,2
spP69782,2
spQ7ABA6,2
spO87653,2
spQ52481,2
spQ49VK4,2
spG4MRT1,2
spG4MM89,2
spG4NDH1,2
spG5EHQ6,2
spA0A067CMC7,2
spQ3HY20,2
spQ9I4X0,2
spP52698,2
spP81242,2
spP05858,2
spO12165,2
spO89293,2
spP12963,2
spA0A384JQC9,2
spQ5A4F3,2
spQ5A312,2
spQ2YUD1,2
spA6SSW1,2
spG0LET6,2
spB1GVX7,2
spQ56NH2,2
spQ56NH0,2
spQ56NH1,2
spQ56NG9,2
spQ5AMH6,2
spQ00496,2
spQ5AHA0,2
spC4PLJ5,2
spB0BAX8,2
spQ7CGD9,2
spQ3YL96,2
spE0SDG8,2
spP14658,2
spQ4WNV0,2
spQ5AFI4,2
spQ8XAF5,2
spQ9S389,2
spA7UKV8,2
spC5FH88,2
spQ9UW98,2
spG1UB67,2
spD0NP95,2
spP41795,2
spQ9ZFU7,2
spP54355,2
spP54656,2
spQ56571,2
spQ4WLW5,2
spP0C8G9,2
spQ5A432,2
spP0C8I4,2
spB2SB67,2
spE9R876,2
spQ4WMJ0,2
spP0C8I6,2
spP36685,2
spQ46971,2
spD4D675,2
spB8XGR2,2
spA6XHF7,2
spH1VZX9,2
spN4VG36,2
spG4MQL4,2
spO07427,2
spP0DTC6,2
spC5PE18,2
spE4V4I7,2
spQ6WIH6,2
spC5NZT1,2
spQ2YIG0,2
spG4N6Z6,2
spP0DOA1,2
spB2RHG2,2
spP81363,2
spQ7MXK0,2
spA1DBW0,2
spQ1I8U1,2
spQ5A762,2
spQ2YKD6,2
spQ9XB22,2
spQ51822,2
spG4MSQ1,2
spI1BRD6,2
spQ5A446,2
spQ4WXK4,2
spQ945T9,2
spD4D5P5,2
spB6V869,2
spP9WNU8,2
spP33882,2
spQ47200,2
spQ9ZFU8,2
spA0A0H2VDN9,2
spQ9JFM9,2
spQ8RP04,2
spQ9LBR4,2
spP59915,2
spQ5AMT2,2
spQ50LG3,2
spO34163,2
spP46081,2
spQ5A3Z5,2
spQ12713,2
spE9ENC6,2
spC9K7B5,2
spC9K7C6,2
spQ46631,2
spA7VMU4,2
spQ46633,2
spQ46636,2
spC9K7B9,2
spH9BPR8,2
spB0B999,2
spC4PQR0,2
spC9WJD0,2
spA0A0H3B0B8,2
spP0DSI1,2
spA0A0U1LQE1,2
spQ59P39,2
spO69174,2
spA1L018,2
spQ5AP52,2
spP46085,2
spQ5HR80,2
spP0C6D1,2
spQ51817,2
spC5G0A8,2
spQ47189,2
spI6XHI4,2
spP34071,2
spQ9HUK7,2
spQ9LBR5,2
spQ51845,2
spQ6GJ10,2
spQ4L482,2
spP80152,2
spQ60235,2
spD4ARW0,2
spQ5A8I8,2
spQ9CC23,2
spP46593,2
spD4B4V2,2
spB2RLI7,2
spQ881J7,2
spD4B1S6,2
spC5FH26,2
spB8XGR3,2
spA6XGK3,2
spQ0Q471,2
spQ3LZX8,2
spC5NZY5,2
spC5NZL6,2
spE5QZI4,2
spC5FL47,2
spA0QRG8,2
spE4USP0,2
spQ5AAG6,2
spB2RHG1,2
spB2RHG3,2
spB2RHG4,2
spP0A1G3,2
spQ4WL81,2
spQ4WYG2,2
spQ82055,2
spQ9WAI8,2
spC0IPP2,2
spA0A3Z7J6R4,2
spJ9VE33,2
spQ8NUQ3,2
spG4N5Q2,2
spQ9RH92,2
spQ47341,2
spQ51827,2
spQ51825,2
spQ4PIF8,2
spQ9LA60,2
spP9WNI7,2
spQ47033,2
spP29717,2
spF9XMX6,2
spQ4PEM9,2
spA1A652,2
spQ6S6W0,2
spB0B9M5,2
spQ2YSS2,2
spQ7NAT4,2
spQ4WJ01,2
spQ09016,2
spQ6WIH3,2
spQ6WIH1,2
spE4UUX3,2
spP89061,2
spJ5JH35,2
spJ5J924,2
spQ79FB3,2
spE4V6I8,2
spQ8RJP2,2
spP9WMZ9,2
spQ2YSS1,2
spQ5AAL9,2
spB1MAX9,2
spG4NDR3,2
spQ6GK35,2
spQ6GCJ6,2
spQ5F5F6,2
spA9M2L5,2
spA1IPF8,2
spA1KSQ9,2
spQ5F6H4,2
spA9M492,2
spA1ITU2,2
spA1KVQ6,2
spA1KWH9,2
spQ9X6P2,2
spQ9JS44,2
spG5EI17,2
spP59634,2
spQ6WIH7,2
spQ8NIB6,2
spD4D2D2,2
spD4AL88,2
spB8XGR0,2
spA1XIM6,2
spQ8J0D4,2
spG4MQX3,2
spG4N3L5,2
spG4NEB8,2
spO70903,2
spL7NCQ4,2
spL7NCR8,2
spA0A023YYV9,2
spQ9WC70,2
spP11073,2
spQ51518,2
spQ51787,2
spQ51519,2
spQ51788,2
spQ51520,2
spQ51792,2
spQ396C5,2
spQ51793,2
spP9WI83,2
spP9WI81,2
spQ7N8B1,2
spQ5A0E5,2
spQ4QEZ7,2
spA0A0H3N8G7,2
spQ4WR16,2
spO53223,2
spB8N406,2
spC8VQG9,2
spA0A0J9UBD6,2
spS0DQI7,2
spI1RAW4,2
spG9P9X3,2
spQ5HLN2,2
spQ8CN92,2
spQ4L8L9,2
spQ8RK12,2
spQ54316,2
spA4NBN9,2
spQ2NCA3,2
spQ2NB77,2
spQ6GHV7,2
spP24094,2
spQ8CPR4,2
spQ2YWW7,2
spQ9EV33,2
spP16535,2
spC5P507,2
spQ6WIH5,2
spQ8J0D5,2
spQ5HPI1,2
spQ9YJN7,2
spO92374,2
spA9Q1L1,2
spQ8JNB2,2
spQ77Q91,2
spQ9RCG8,2
spA0A1R3RGK1,2
spA2R6H0,2
spQ5A210,2
spQ5AA09,2
spQ0V6Q3,2
spQ5A1B3,2
spQ0V6Q8,2
spG1UBC2,2
spQ0V6Q7,2
spW2RE78,2
spQ5A960,2
spQ8RK09,2
spQ08677,2
spP72074,2
spE3QFA4,2
spQ9QBZ7,2
spQ77378,2
spP03404,2
spP05855,2
spQ89842,2
spP12479,2
spP05854,2
spP20867,2
spQ9QPN3,2
spQ9QBZ3,2
spQ79671,2
spL7NCR0,2
spP18801,2
spP20886,2
spP05857,2
spO89945,2
spP24741,2
spL7NCP9,2
spQ9Q713,2
spQ9QSQ6,2
spP35959,2
spL7NCR1,2
spO91087,2
spP12478,2
spP04602,2
spL7NCQ5,2
spL7NCQ0,2
spP05859,2
spP18092,2
spP24103,2
spL7NCR7,2
spP17753,2
spP15829,2
spQ89868,2
spP18038,2
spQ74127,2
spP05860,2
spP04600,2
spP12447,2
spP20868,2
spQ76639,2
spP17664,2
spQ1A242,2
spP05862,2
spP11262,2
spP12482,2
spP19501,2
spP12379,2
spP50468,2
spP50469,2
spA5YCB9,2
spD4AQG5,2
spC5FQJ4,2
spC5P3T4,2
spP04513,2
spQ9PYC7,2
spQ9PYD0,2
spQ9PYD1,2
spQ9PYD2,2
spP89063,2
spQ5QGZ2,2
spQ82030,2
spP30030,2
spO56850,2
spQ82033,2
spQ82028,2
spD4B639,2
spE4US45,2
spC5FWQ2,2
spD4D616,2
spD4AXC1,2
spC5FIT1,2
spE4UYQ9,2
spQ9QNA6,2
spB2SU53,2
spP23694,2
spP9WHP5,2
spQ2YX96,2
spA7UI09,2
spM2SNN6,2
spD4B528,2
spC5FFM0,2
spA0Q6X4,2
spQ9ZJ31,2
spQ48IV1,2
spA7UKW1,2
spB6V9X0,2
spQ8NIJ4,2
spD4D4Z2,2
spD4AX35,2
spD4B1S5,2
spC5FYJ8,2
spQ6RYW5,2
spL7NCQ1,2
spQ75009,2
spP37828,2
spO12674,2
spQ7TDX0,2
spQ5A4E3,2
spQ9WAI7,2
spP28296,2
spQ9HTR2,2
spC7BKP9,2
spQ93K12,2
spQ6FXU7,2
spQ9QBY9,2
spQ9WC61,2
spP05856,2
spP0DL13,2
spA0A284RNH4,2
spP04512,2
spO11982,2
spB3SRV6,2
spQ2FV54,2
spD0NIN5,2
spQ9I2S7,2
spG4MVZ1,2
spG4NKW5,2
spQ52480,2
spO51767,2
spQ8KUM1,2
spQ08675,2
spP09120,2
spO53780,2
spQ05889,2
spP0C084,2
spQ9EV34,2
spQ9ETX2,2
spQ7VI03,2
spP72197,2
spD4DF09,2
spC5FTZ6,2
spD4AZ23,2
spD4AWL0,2
spC5FNB5,2
spA6X554,2
spA5VUS1,2
spQ4WDN4,2
spQ6FIN8,2
spP55801,2
spQ59V01,2
spQ5ACL7,2
spQ5A1E1,2
spD0MRS3,2
spA1CVK0,2
spQ79G04,2
spQ2G1Q2,2
spP33437,2
spP0CV54,2
spP0CV70,2
spB2RML5,2
spD4B385,2
spP0DPI0,2
spQ47015,2
spA0ST42,2
spQ4WAW3,2
spP80172,2
spQ56774,2
spI1RB03,2
spP0ACE4,2
spP08715,2
spQ44066,2
spP71875,2
spB2RI48,2
spG4N7X0,2
spQ8NWQ5,2
spL7NCS1,2
spP19545,2
spP04604,2
spQ51517,2
spQ51789,2
spQ51521,2
spQ51790,2
spQ51791,2
spP9WIS7,2
spG4MWY1,2
spQ5HR81,2
spQ934G3,2
spQ5A6U1,2
spQ5A029,2
spA0QHC4,2
spQ7VEV7,2
spB2HR11,2
spG2X4M1,2
spQ6MX50,2
spQ06381,2
spJ9VX38,2
spQ4ZSY3,2
spQ57394,2
spA0PP57,2
spQ5AFP3,2
spD4DL57,2
spD4AS12,2
spO00834,2
spB8XGR5,2
spA7UKV9,2
spB6V873,2
spC5PIJ9,2
spP31106,2
spQ09734,2
spB0YDH7,2
spP16946,2
spP45996,2
spD4DE03,2
spD4DGR5,2
spQ59V02,2
spQ5A5U6,2
spQ5AEG7,2
spQ5AD34,2
spQ59MD0,2
spP0CF99,2
spG4N0Z0,2
spA0A0P1A544,2
spP0CV32,2
spA0A172M470,2
spA0A0P1AXF0,2
spP0CV08,2
spP0CU94,2
spP0CV12,2
spA0A172M476,2
spA0A182BSS1,2
spP0CV30,2
spP0CV20,2
spA0A0P1AZU2,2
spP0CV18,2
spP0CV22,2
spA0A0P1AAU8,2
spP0CV27,2
spA0A172M477,2
spB2FNJ0,2
spQ6GJK9,2
spQ6Q877,2
spC9X8K0,2
spQ5AK51,2
spQ9AH19,2
spQ54001,2
spQ0U086,2
spP15423,2
spQ97PA9,2
spC5PCB1,2
spB6VA86,2
spE4V4J8,2
spB6VA87,2
spC5P9H3,2
spC5P1W9,2
spC5P906,2
spQ5AL16,2
spD4AM57,2
spP12651,2
spI1S0A8,2
spA3EX94,2
spQ9QAR5,2
spQ45105,2
spA0A144KPJ6,2
spG4MS67,2
spD3JZP7,2
spP14711,2
spP52695,2
spP43961,2
spQ59XL0,2
spD4AVW3,2
spP37318,2
spP19401,2
spA5F9F9,2
spD0EM77,2
spP0C8I5,2
spA0QBR0,2
spA0A0B0QJN8,2
spQ4WA45,2
spC5FBS2,2
spA0QWG6,2
spP9WI68,2
spP0CV60,2
spP0CV62,2
spB0YD89,2
spP0CV40,2
spP9WI38,2
spQ59XM0,2
spQ5ABZ2,2
spD0N4Y1,2
spE0SGL7,2
spP0CV53,2
spQ55293,2
spP80151,2
spA0A172M4N0,2
spA0A172M416,2
spA0A182BSS5,2
spP0CV00,2
spA0A0P1A8A0,2
spP25806,2
spP0CV38,2
spP0CV45,2
spQ6GKJ3,2
spQ6GE46,2
spA3EXD0,2
spQ3I5J5,2
spQ59YF0,2
spE1WAU5,2
spQ5AHE8,2
spQ59L86,2
spQ5A5U9,2
spQ0V6Q2,2
spQ5A1B2,2
spQ0V6Q6,2
spQ0V6Q1,2
spQ5AJY5,2
spP09786,2
spI6X486,2
spQ92246,2
spP0CV69,2
spQ9I6J0,2
spP9WI39,2
spA0A0H2ZL64,2
spQ5J6J2,2
spQ6Q873,2
spQ5ACV9,2
spQ6Q880,2
spQ5AD05,2
spD4B5D4,2
spQ69F58,2
spD4AX50,2
spQ9HXI4,2
spP30206,2
spP55220,2
spQ4L9P0,2
spQ99QY4,2
spQ9I0F4,2
spD0NVI0,2
spA0A411NN20,2
spQ4L3C1,2
spQ49UX4,2
spO85306,2
spA7UKV5,2
spQ6Q883,2
spQ8NUJ3,2
spP24417,2
spA0A024F9J0,2
spQ91E93,2
spJ4UHQ6,2
spA0R2K8,2
spQ70FH0,2
spP81297,2
spP16154,2
spQ9EXR0,2
spD4AP52,2
spP38507,2
spQ6Q885,2
spQ5J6J1,2
spE4UN97,2
spC5NZT2,2
spD4D6Q4,2
spB8XGQ6,2
spB8XGQ7,2
spQ8J077,2
spQ6G723,2
spE4UPZ4,2
spQ5VJ72,2
spB6VA84,2
spA1XIH3,2
spQ59NP5,2
spD4AQA9,2
spA1XIH5,2
spQ5ANI6,2
spP11225,2
spQ91AV1,2
spQ5A2B9,2
spP33470,2
spP0DTC2,2
spO50393,2
spG4YRX5,2
spQ5AFE4,2
spP80153,2
spQ5AHG6,2
spD4CZQ4,2
spP27655,2
spQ6Q1S2,2
spP24418,2
spQ8G2Q1,2
spO25620,2
spQ05459,2
spQ2QCI9,2
spQ9ZFB4,2
spQ9ZFB5,2
spQ9ZFB3,2
spQ5AL03,2
spQ945U0,2
spQ54875,2
spP45386,2
spP28968,2
spQ722M0,2
spQ06803,2
spG4YEI5,2
spQ59YS7,2
spQ93QY7,2
spP19546,2
spP03406,2
spI1SAJ7,2
spC0IPP1,2
spP89059,2
spB0Y4X9,2
spJ4VWM7,2
spC5FRQ0,2
spQ97QZ1,2
spQ79FU0,2
spQ4P3F1,2
spQ4L667,2
spP0CV55,2
spP0CV47,2
spA0A0H3JNB0,2
spA0A0H3JPC6,2
spA0A0H3JVA1,2
spG4N134,2
spQ5HD55,2
spP0C0F6,2
spA0A0P1B5Z9,2
spD0NYM3,2
spP0CV15,2
spP0CV21,2
spI1C083,2
spA0A0P1AQV8,2
spQ59XP0,2
spC0NUU1,2
spQ2YVT4,2
spD4AIF1,2
spC5FGX1,2
spE1X791,2
spD0N0N6,2
spQ9S4P4,2
spA9JX75,2
spQ69F56,2
spD4B194,2
spQ69F57,2
spC5NZ69,2
spQ79FS8,2
spL0T5T4,2
spQ79FR5,2
spP0C1A7,2
spQ4UG71,2
spQ59121,2
spP0DMT5,2
spP9WMZ3,2
spQ9KMU6,2
spP46071,2
spP0CV41,2
spP0CV50,2
spP0CV65,2
spP0CV64,2
spP0CV67,2
spP0CV28,2
spP0CV29,2
spA0A182BSR9,2
spQ6Q870,2
spP08026,2
spC5P6L5,2
spQ69F34,2
spQ3ZEJ8,2
spD4B5N1,2
spD4D0F5,2
spD4D674,2
spB8XGQ4,2
spD4AZ75,2
spQ8JSP8,2
spQ5AK62,2
spP30207,2
spP07946,2
spQ59TB2,2
spQ8VQ99,2
spE4UR63,2
spP55129,2
spQ2G2B2,2
spC5FW30,2
spQ6Q876,2
spQ6Q882,2
spQ5A599,2
spQ576X0,2
spP04324,2
spL7NCS2,2
spF9X9V1,2
spQ4WMK2,2
spQ4WYP0,2
spQ45UF1,2
spE5R1Z3,2
spQ5AHA4,2
spQ5ADQ7,2
spQ5A5K7,2
spQ0V6Q4,2
spQ0V6Q0,2
spQ0V6Q5,2
spP09785,2
spQ5A8I6,2
spQ79FW5,2
spI1S2J4,2
spB3SRQ8,2
spP03535,2
spQ6YLV5,2
spQ4WVG0,2
spQ59ZX3,2
spP55131,2
spQ59V88,2
spQ5AMQ6,2
spP9WHU0,2
spP0CV61,2
spM4BMH6,2
spM4C319,2
spP44833,2
spQ4L523,2
spQ49WE5,2
spP55118,2
spQ6WIH8,2
spQ8NIE3,2
spD4DHN5,2
spQ6QT02,2
spQ3ZK64,2
spQ8V790,2
spQ9PYC8,2
spD4AJ87,2
spD4D7X4,2
spP34199,2
spD4ANL2,2
spQ4WQR6,2
spC5FPC2,2
spQ2TH00,2
spA0R043,2
spP59916,2
spP9WI47,2
spQ6Q889,2
spQ6Q875,2
spP0DP15,2
spQ6Q874,2
spD0N6D2,2
spD0NCC1,2
spQ5VJ76,2
spC5FMY5,2
spA7UKV6,2
spE4V2L6,2
spB6VA85,2
spC5G1D1,2
spA1XIH0,2
spQ9UW97,2
spD4AKU9,2
spD4DKQ4,2
spE4UY04,2
spA1XIH6,2
spQ64K35,2
spE4UZP9,2
spQ5A4M8,2
spP24413,2
spP12722,2
spP12650,2
spP96471,2
spQ02385,2
spP00779,2
spP30208,2
spP21454,2
spQ4UKX5,3
spP47816,3
spP05096,3
spA7WYX6,3
spA4IAU1,3
spQ1BFJ5,3
spQ1CBQ4,3
spP47224,3
spQ3SYV7,3
spQ3YV73,3
spQ62848,3
spQ1WTU0,3
spB0TX13,3
spA5IHV5,3
spQ3ECQ9,3
spQ6GJH2,3
spA2SQ91,3
spB0CHM8,3
spQ03QY4,3
spP59147,3
spQ21H92,3
spA3DNC3,3
spD3Z1U7,3
spQ4IB96,3
spQ9Z2N5,3
spB2IU79,3
spO64948,3
spA6NKN8,3
spA3MYX7,3
spQ5RCP3,3
spB9DVI3,3
spQ4L7B0,3
spQ3TYS2,3
spO14830,3
spQ64QU2,3
spC4KZD1,3
spQ1GR22,3
spP9WM11,3
spQ9SSE7,3
spQ8XJ27,3
spC3P8P5,3
spQ83P97,3
spQ03ZH4,3
spQ2QL79,3
spC1KY87,3
spQ6LN63,3
spB9DNJ3,3
spQ62HM6,3
spB1JE51,3
spQ6MJ11,3
spQ9P771,3
spP99100,3
spO54757,3
spO04573,3
spQ37374,3
spC8ZBB1,3
spQ9AI65,3
spB8GQT0,3
spQ18H83,3
spB1VQH0,3
spB8IZ97,3
spC5CYZ4,3
spP0DM59,3
spQ8FQR2,3
spQ8Y6D2,3
spQ5T0B9,3
spQ9LFL3,3
spA6V1E3,3
spB8JDD9,3
spP63426,3
spA7X0F9,3
spP02453,3
spQ99MR1,3
spQ8CPL4,3
spP13089,3
spB3FWS3,3
spQ9K6H4,3
spQ1RHC9,3
spO02649,3
spB7I530,3
spQ87KY2,3
spQ89SJ8,3
spQ20471,3
spC1IWT2,3
spQ8CRG5,3
spQ44470,3
spP77871,3
spA8GS96,3
spQ12D67,3
spQ6AXX2,3
spQ630C1,3
spQ9UHB7,3
spQ9JTG4,3
spQ51344,3
spB9E0W7,3
spA8AE87,3
spA8FM84,3
spC5A4D6,3
spA5UZT9,3
spB0SW81,3
spP0ADD1,3
spA4SFB1,3
spB3QR81,3
spB0VXM7,3
spO19063,3
spA5IUK2,3
spP0A2W7,3
spO83821,3
spC3LF98,3
spQ9WUM5,3
spP52000,3
spA5UDI2,3
spC5E1C0,3
spQ08269,3
spQ2SBG5,3
spB4SWJ5,3
spP9WQM1,3
spA4SMD7,3
spQ6CN92,3
spQ8EQ52,3
spP9WLX9,3
spQ12Q05,3
spA1AX76,3
spQ3JES6,3
spQ9LU44,3
spQ83PX9,3
spQ5R5C3,3
spA8ARN6,3
spQ0RWM7,3
spC0Q9V5,3
spA0LPF9,3
spC4LDE6,3
spQ9P0L2,3
spQ4ZWZ4,3
spJ9QS25,3
spP08383,3
spQ9R0Z9,3
spQ98G94,3
spC0ZB54,3
spC6CNE4,3
spP24979,3
spB7JGJ1,3
spB1VXS9,3
spA5IV21,3
spQ98BI4,3
spQ2IW82,3
spB7KSJ4,3
spQ6F1C4,3
spA6W6D7,3
spI4DST9,3
spB5YE40,3
spA1CFL2,3
spQ92M88,3
spP75219,3
spQ9TU32,3
spA1V1G6,3
spQ8X8E0,3
spC4ZX73,3
spB5LUR1,3
spQ7DDR4,3
spA9N942,3
spP32778,3
spA6ZXN8,3
spQ6PB66,3
spQ53UA7,3
spQ9ZPW7,3
spQ8XYP8,3
spB0RU90,3
spB2IR95,3
spQ6A1B7,3
spO55043,3
spQ5XGB9,3
spQ8C2R7,3
spA5FVX4,3
spA1W3P8,3
spO22552,3
spO04707,3
spP0A9X4,3
spA4QJJ9,3
spP0A2V8,3
spA5DQ88,3
spQ3ZC23,3
spQ65H52,3
spA9WFI5,3
spQ8HYS0,3
spQ6AY64,3
spQ9LW26,3
spQ2RQZ4,3
spQ0HNW1,3
spB4SSF8,3
spQ73N18,3
spQ38WN0,3
spB1KZY3,3
spQ2NJY3,3
spP40900,3
spQ9KED4,3
spA0JNN8,3
spB7NJ75,3
spQ9Z1Z1,3
spQ9VAI1,3
spQ53636,3
spQ99704,3
spA5VXN3,3
spQ1LX78,3
spO03546,3
spQ72G53,3
spQ8BUV8,3
spQ85WZ7,3
spA6WPL2,3
spQ2YJG3,3
spQ9ZI41,3
spQ1GZE9,3
spQ2KI14,3
spP11514,3
spQ3AZA2,3
spQ2FG84,3
spC1DFA8,3
spA8EY96,3
spA8GC24,3
spQ0SAK3,3
spB7K5I8,3
spA5A761,3
spB0KTY3,3
spA5WFD0,3
spA5FMY1,3
spP13819,3
spA0QBW1,3
spA8YTF6,3
spB4L6S9,3
spQ8YH92,3
spQ2PIK4,3
spQ95JR4,3
spB9KPP8,3
spQ9FJC0,3
spB8F420,3
spQ15U72,3
spQ02IC9,3
spQ7FNS2,3
spQ5HIR5,3
spQ6KI46,3
spQ03WF7,3
spC0HLI9,3
spA7ZYF5,3
spP00153,3
spP43233,3
spQ1CAG9,3
spQ8VC51,3
spA8ILN3,3
spA0PMW8,3
spQ84AP1,3
spQ9MYX0,3
spC3MQN2,3
spP62355,3
spO42657,3
spQ2GA32,3
spC4K6H0,3
spA7WZR5,3
spQ0VCW8,3
spQ7U5D4,3
spC0RHG1,3
spB5YQJ1,3
spP41776,3
spA3CYX8,3
spQ2WGC5,3
spA1EA99,3
spQ8FBD7,3
spP20908,3
spQ7NQH6,3
spA3R064,3
spO02765,3
spQ9BQD7,3
spP45740,3
spQ6HLM0,3
spQ8P8J8,3
spB9L4T8,3
spB8M9H9,3
spQ8V2V1,3
spQ7WUL4,3
spA5N3H6,3
spQ5FM67,3
spP24394,3
spD4N500,3
spQ086G9,3
spG5E5X0,3
spQ46JW9,3
spQ9KDW8,3
spQ9PSM9,3
spQ1QVQ9,3
spP30796,3
spQ6PB90,3
spB1WZH9,3
spP10815,3
spQ5FJN0,3
spA5I4K2,3
spQ7MAF0,3
spQ646D5,3
spB8G6R3,3
spQ580W5,3
spQ91XM9,3
spQ9SVN2,3
spA4SP05,3
spQ3J0T3,3
spA4WVI4,3
spQ6LMS5,3
spQ9VRB3,3
spA4VUM9,3
spB5BGX0,3
spQ6F7W6,3
spB0TNS0,3
spA7Z033,3
spO31962,3
spA3CQ50,3
spQ6DI48,3
spQ2H6C5,3
spQ2IJ78,3
spP0CN19,3
spA0Q8N8,3
spQ8SSI8,3
spQ9V4T3,3
spB3GYW3,3
spA9R0G0,3
spQ9LRJ4,3
spQ970Y9,3
spQ57NT3,3
spA5UQ59,3
spQ5SPW0,3
spP9WN69,3
spQ6VAM4,3
spC1CH67,3
spA8A724,3
spQ0VSM6,3
spA9WSW7,3
spQ82DT1,3
spO43615,3
spP95789,3
spQ2P5F7,3
spB0BPU4,3
spB7M1A1,3
spQ1JKP9,3
spQ9VLK4,3
spQ4QMH4,3
spA4J113,3
spA6TZ85,3
spQ929U3,3
spP41123,3
spB1J812,3
spO51221,3
spQ68F53,3
spQ6UDK9,3
spO67357,3
spE1BNE9,3
spC3PD52,3
spB5EYS9,3
spQ5H4C1,3
spP29674,3
spQ57HF4,3
spQ72L58,3
spQ1G3U5,3
spA2RAL4,3
spQ5HZX7,3
spQ9K838,3
spP85837,3
spQ31809,3
spB0S8X7,3
spQ92481,3
spQ1IDZ3,3
spA8EZJ5,3
spQ9JJF9,3
spQ2NZW8,3
spA3M0B1,3
spQ2UBW3,3
spQ96LU7,3
spQ5VZ52,3
spQ58050,3
spA1V2F7,3
spP24374,3
spQ9LF30,3
spQ5VR89,3
spQ7ZXD6,3
spA9KCS0,3
spQ8X8U9,3
spQ9T9A5,3
spP23499,3
spQ0U4L8,3
spQ12542,3
spB1JVL5,3
spA7FPK5,3
spA6SXE9,3
spQ15TZ4,3
spQ1QVK2,3
spQ1AS21,3
spQ6ML86,3
spA6U1T1,3
spP0DTG4,3
spO56044,3
spQ5WB97,3
spQ47ZC3,3
spQ6LLM4,3
spB0C2D5,3
spQ9LCK0,3
spQ35558,3
spA8G1F3,3
spP9WMV0,3
spA7ZKJ4,3
spQ1GT37,3
spQ2UHC1,3
spP51063,3
spO77721,3
spP22772,3
spP0C505,3
spQ8E2S2,3
spQ2QX01,3
spQ5HRH2,3
spP38247,3
spQ0J7V9,3
spQ9Z103,3
spQ9KBQ2,3
spO81097,3
spQ7NZH1,3
spB9J092,3
spB7GNC2,3
spP73634,3
spB6K2Z6,3
spA5ECX6,3
spQ03780,3
spP11362,3
spQ2T0K8,3
spQ15546,3
spP51913,3
spP27178,3
spQ1GBN7,3
spB0BWA1,3
spQ9HS52,3
spQ47EH3,3
spQ0I0Z2,3
spQ28PJ0,3
spB9IZJ7,3
spP54832,3
spQ5SKN1,3
spA7HWQ1,3
spQ9SDG6,3
spQ09135,3
spQ9UGP8,3
spA0A2I6EDN1,3
spQ44275,3
spC4L0S1,3
spQ5X1I1,3
spQ1CC00,3
spQ3K4U8,3
spA1BHM3,3
spQ5ZS66,3
spQ9HCJ1,3
spQ2JRS2,3
spA2RNP8,3
spP55153,3
spQ9WVC6,3
spB1LG18,3
spA0A2L0P0J8,3
spQ55ET3,3
spP20444,3
spQ3V4Y1,3
spQ60177,3
spA8AUI0,3
spQ47IS3,3
spP68171,3
spP57798,3
spA3M7W0,3
spP37675,3
spQ72ZD6,3
spQ2NZZ6,3
spQ4KSH9,3
spQ30TH8,3
spP11828,3
spB0SH39,3
spQ4L330,3
spQ7VW32,3
spQ39EV3,3
spA9MA26,3
spP0A583,3
spB5FA75,3
spA1K3G9,3
spB7IHV6,3
spA7Z4T7,3
spA4T8F7,3
spQ4JEI2,3
spA6LPX4,3
spA1K7F7,3
spO47675,3
spQ18904,3
spQ3IMY4,3
spA0QNZ7,3
spQ8DY84,3
spP41014,3
spB5BDW5,3
spQ6AT12,3
spQ9HGM9,3
spO80765,3
spO90305,3
spQ06FY0,3
spA1T8W5,3
spQ8PC38,3
spB8GUB6,3
spA4JLT6,3
spQ31PM2,3
spQ1R3S5,3
spB2I6V6,3
spA3CK68,3
spB9LA90,3
spB5R0J6,3
spQ9Y7S1,3
spQ0G9J6,3
spQ9FLC6,3
spQ9M9E1,3
spQ8U0S7,3
spP0A8Q7,3
spQ5YQ72,3
spQ56RZ2,3
spA8FTT7,3
spQ6F7T8,3
spP00287,3
spO28105,3
spC4L7T7,3
spB0TWS4,3
spB7GIA1,3
spQ47W67,3
spP0A513,3
spQ6C097,3
spP61951,3
spQ09YJ6,3
spQ4R6B2,3
spF4KDD7,3
spQ49X17,3
spQ9HUU8,3
spQ9MQX1,3
spA4IXR0,3
spQ4WHW1,3
spQ91VU0,3
spB3MYY4,3
spB0CH18,3
spA9QZG6,3
spQ70UP5,3
spC1FST5,3
spQ3J9F4,3
spQ5XDZ0,3
spA8FDN6,3
spP52071,3
spP42516,3
spQ48EC8,3
spA6UV59,3
spQ03LU2,3
spQ17802,3
spQ3JMS0,3
spQ6FLZ0,3
spB9MQH7,3
spA2RP72,3
spQ8ZAR2,3
spA7MUE5,3
spQ8TR06,3
spC4ZYY4,3
spQ0SYZ5,3
spQ0TBG1,3
spB8HRK9,3
spQ54NZ6,3
spQ0HS82,3
spQ2JRC3,3
spQ6G786,3
spQ5V465,3
spQ5FWM4,3
spQ8F7G5,3
spQ5N794,3
spQ7W4B5,3
spA9M9T1,3
spP31413,3
spB7HEF6,3
spQ63003,3
spB5YJN3,3
spP9WPK9,3
spP27526,3
spA7GWY9,3
spA3CU83,3
spO13997,3
spA3EXG8,3
spA1KPE2,3
spQ9SZM3,3
spQ30Q82,3
spP96039,3
spB5R9A9,3
spA5WH37,3
spB2UGJ5,3
spB2J5G1,3
spA0A1B0GVZ2,3
spQ2VZH2,3
spQ3E9W6,3
spQ5H1V9,3
spP69227,3
spB6DCP1,3
spQ8F729,3
spD7UQ39,3
spP63225,3
spQ8XIB6,3
spB8GMY8,3
spQ09819,3
spP98073,3
spQ8PDW8,3
spA1TJ39,3
spB1JBT2,3
spQ08996,3
spQ2UB17,3
spQ5KXT7,3
spQ45UF5,3
spQ576B8,3
spQ74LN2,3
spP80869,3
spQ9D1G2,3
spB3DQE2,3
spQ8P315,3
spQ6P7Q4,3
spQ61450,3
spA7MK40,3
spB7I242,3
spQ8VZT6,3
spQ05B66,3
spQ63148,3
spP0DF34,3
spA5FGN3,3
spQ65LC6,3
spA1KTV6,3
spQ2GJG8,3
spA4YB19,3
spO67780,3
spQ4R8H1,3
spC4K832,3
spQ6FJV9,3
spA2ST15,3
spQ1CD06,3
spA5EY50,3
spA0A1S4A695,3
spP39698,3
spA1KVT5,3
spQ4UQW6,3
spP54607,3
spO94524,3
spQ59020,3
spB2VK81,3
spQ9Y3T9,3
spB2HU82,3
spQ9C9Q5,3
spB5XPH8,3
spC3KVQ2,3
spB7HSV7,3
spO31681,3
spQ1CK92,3
spB0U1Q5,3
spQ9K902,3
spA7MPH5,3
spP33909,3
spQ6CT50,3
spQ62GF1,3
spQ74ZJ8,3
spB7I2M9,3
spQ1CX51,3
spA9WSW5,3
spC3LRW2,3
spP00549,3
spQ6HCX6,3
spP41413,3
spB3QSE2,3
spQ0UNC6,3
spQ8TAP9,3
spQ9BRT6,3
spP0C467,3
spQ6FX92,3
spQ8W4S4,3
spQ20F20,3
spB2U512,3
spO61734,3
spQ886F1,3
spB7MI64,3
spP41110,3
spQ5MD89,3
spQ3V818,3
spB2V4D4,3
spQ5WIE9,3
spP98140,3
spA0A144LVM3,3
spP06377,3
spQ146Q2,3
spQ6HDR3,3
spB0CHL9,3
spQ7S5M7,3
spQ6AXT9,3
spQ5BL28,3
spB6I504,3
spA8I499,3
spB5XTD4,3
spQ0S2X1,3
spQ2JK90,3
spQ5HT53,3
spQ7U384,3
spB0BSK4,3
spQ1C7V0,3
spQ4IB63,3
spB8JFS8,3
spP42662,3
spP00960,3
spP9WNG3,3
spG5EDN6,3
spA1BJ19,3
spA6TL06,3
spB7MLK7,3
spQ1QVH3,3
spB2UGY6,3
spC0RHI3,3
spP19963,3
spQ1ARR5,3
spQ6MEP4,3
spP49952,3
spQ35138,3
spP9WMF0,3
spP9WIM6,3
spQ1JHK2,3
spQ5N490,3
spC3L7A8,3
spP01940,3
spQ3ECJ5,3
spP10888,3
spO25989,3
spQ9UXA8,3
spB7LA79,3
spQ3IF40,3
spQ40381,3
spP85420,3
spP34366,3
spC0Q2P4,3
spO87401,3
spQ5XIE6,3
spQ8AW42,3
spI1RD82,3
spQ55786,3
spQ0THD7,3
spO26686,3
spQ7SH17,3
spQ9ZE74,3
spA6U6U6,3
spP47912,3
spP06324,3
spA6U3H6,3
spQ28Y46,3
spQ8VMY3,3
spQ9I244,3
spP53589,3
spB7GQS6,3
spQ46GS3,3
spQ3UW53,3
spA7X8B7,3
spA6WQ58,3
spB1XZN7,3
spB9G2E6,3
spQ3M5D2,3
spQ0SHR2,3
spQ88XX8,3
spP20275,3
spQ03362,3
spB5F3F3,3
spQ6MMY0,3
spO80568,3
spB1LF43,3
spC3NHZ7,3
spA8W3K6,3
spA6VFP0,3
spP0C7U0,3
spQ5RBQ3,3
spC5DGD8,3
spQ9PHQ1,3
spQ2YZB7,3
spQ59140,3
spB2TXX8,3
spQ91754,3
spO55038,3
spQ8J1X7,3
spQ7MP62,3
spQ98BG9,3
spQ5E2Q6,3
spI1RL12,3
spQ6AXP1,3
spA8LM72,3
spQ9NBX5,3
spA0QHC1,3
spA5U294,3
spQ2YXK3,3
spO29522,3
spQ90828,3
spQ8N983,3
spB8G2Q5,3
spP56410,3
spP63017,3
spA4G4S7,3
spA9A794,3
spQ5UQF7,3
spQ04R21,3
spQ31V09,3
spQ21I40,3
spQ9Z7J1,3
spO51769,3
spQ0CGP0,3
spB2CNY4,3
spB1VAM9,3
spO42567,3
spO29156,3
spC6DFN3,3
spB8ZUP2,3
spQ0ACA0,3
spB9K893,3
spB8ZR39,3
spA9BF44,3
spQ0BXH7,3
spQ2KBW4,3
spP48806,3
spQ91TW8,3
spQ9LU76,3
spQ5UQT3,3
spQ5FUA1,3
spP39067,3
spQ6CHE4,3
spQ7SA23,3
spQ7M8B4,3
spP17104,3
spQ50327,3
spQ5K0D0,3
spQ17VU8,3
spQ12051,3
spO93279,3
spQ9GP84,3
spQ8VE62,3
spQ0CJ60,3
spB4U8H3,3
spC5D371,3
spA7Z267,3
spQ64VN9,3
spB9L7R8,3
spP40201,3
spQ5XGJ0,3
spA0A345BJN6,3
spQ9RUG0,3
spP68897,3
spQ9KLL6,3
spP02494,3
spQ48EB2,3
spB7NM62,3
spQ07647,3
spQ2R2W2,3
spA0PXT9,3
spQ5B6K3,3
spQ8TAL6,3
spA8ALZ1,3
spP04253,3
spP27493,3
spP84628,3
spQ5NVF6,3
spC0HJZ9,3
spQ8DRQ7,3
spQ9U5P7,3
spA8I0G1,3
spQ48L24,3
spP56224,3
spQ9X498,3
spQ0CVS2,3
spA6TYZ5,3
spP82174,3
spA7IPQ6,3
spQ5VKP6,3
spB2A2Y6,3
spC4K0F4,3
spQ1RC84,3
spQ5NRP8,3
spQ8XKP9,3
spO43781,3
spC0ZPL4,3
spP50879,3
spP24360,3
spP20352,3
spQ9HMY8,3
spB0CED9,3
spA1WGS0,3
spQ5HQB2,3
spO78444,3
spO27272,3
spQ73PL0,3
spA4JAS1,3
spQ8ZY35,3
spQ703I1,3
spB2SFD6,3
spQ8Y5L7,3
spQ48UZ1,3
spQ12177,3
spQ2A5L1,3
spA3D3U0,3
spA1KPE3,3
spP78385,3
spA5F626,3
spP34066,3
spQ1C3W4,3
spQ9UT79,3
spA5VAC6,3
spB2S6E8,3
spQ3KF16,3
spP46745,3
spQ5PIT8,3
spQ8MPM1,3
spB9LK05,3
spQ3ZBT0,3
spQ9RS16,3
spQ17QU3,3
spB5XJ07,3
spP17028,3
spQ4IPA4,3
spQ9M291,3
spQ8ZX17,3
spQ9ZD53,3
spQ12WB4,3
spA0KBN3,3
spQ028M4,3
spQ38X74,3
spA7YY73,3
spQ3V1F8,3
spQ5PJT2,3
spA5I676,3
spQ11081,3
spQ2IQR9,3
spQ9V1F2,3
spQ7T316,3
spP11037,3
spQ83M66,3
spA2YQK9,3
spQ9AAL3,3
spQ09464,3
spP78963,3
spQ0AWG2,3
spQ87F43,3
spP69820,3
spA8G960,3
spQ5RA66,3
spB7IFY1,3
spP08772,3
spC3NHT8,3
spQ2T079,3
spP46289,3
spA0ZZ21,3
spO83698,3
spQ7WMN5,3
spA6MMB2,3
spQ8BGY4,3
spO61142,3
spQ08649,3
spP17703,3
spB9E8Z7,3
spB2IH50,3
spQ0SWW7,3
spB1A974,3
spQ8UAW8,3
spB5RFN3,3
spB5ZRH1,3
spQ2J878,3
spQ1XDS0,3
spQ5WSE8,3
spA8G1G2,3
spP66489,3
spQ6F8H3,3
spQ9ASY9,3
spQ9FM92,3
spB1LDB5,3
spQ9W625,3
spB7MIA7,3
spQ4JW03,3
spQ8R9C4,3
spA8HDJ9,3
spB7URL9,3
spB6J5E2,3
spQ9HHJ7,3
spQ8Z205,3
spP53814,3
spP44060,3
spQ8NHA8,3
spA5UA15,3
spQ4ULV9,3
spB4EG04,3
spP48052,3
spQ88VP8,3
spQ2YTF7,3
spB0RZV0,3
spQ20EW6,3
spP97690,3
spP02626,3
spQ31H76,3
spQ6P2Y3,3
spQ9JVG5,3
spQ8NBM8,3
spQ88WU7,3
spQ5HB46,3
spB4TJV2,3
spQ15T93,3
spB5F7X5,3
spQ9JK30,3
spQ9UUH0,3
spQ8YR06,3
spQ68WI4,3
spQ9TVD0,3
spQ82WL2,3
spQ8Z332,3
spA7ZTZ7,3
spQ53209,3
spC3LNM5,3
spB1JZ41,3
spF4KEA4,3
spO76818,3
spQ31DJ1,3
spB4T0F2,3
spQ2JIM5,3
spC8Z779,3
spQ4UNH3,3
spQ60847,3
spP0CG46,3
spQ0AUJ5,3
spQ6CQB5,3
spA8GCK4,3
spA5F5F3,3
spA4IZA7,3
spQ5E0H4,3
spB6EGJ4,3
spP0C5B0,3
spQ9PJL9,3
spQ8TT43,3
spC5CP83,3
spQ6Z2T8,3
spQ927P3,3
spS0F1M9,3
spB2RKU2,3
spB3WA82,3
spB2S8T2,3
spA6UWV4,3
spQ5VH43,3
spO43027,3
spQ2IVP0,3
spB3QTV8,3
spB2HNC7,3
spP9WQD3,3
spQ0I0Y9,3
spC5CEY4,3
spQ75A37,3
spP04921,3
spB8CI18,3
spQ90X25,3
spP33711,3
spQ2KL21,3
spA6GWM2,3
spQ6B4T5,3
spQ922M3,3
spQ8BWY2,3
spA8GYX6,3
spQ13126,3
spQ6AFA1,3
spB1HNM7,3
spQ5X7D7,3
spA9NHD0,3
spC6JUP3,3
spQ03ZH5,3
spQ7U352,3
spA1SJD2,3
spA2BYT1,3
spQ99627,3
spQ00266,3
spQ6GQX6,3
spQ8YEB5,3
spA4QBE5,3
spQ8E9U9,3
spQ8SQI1,3
spP0CD92,3
spB5BD83,3
spB7IXJ5,3
spQ59X94,3
spB7IA88,3
spQ54N80,3
spA1SLK6,3
spP53771,3
spQ4K551,3
spQ6U830,3
spQ1R622,3
spQ8HQR0,3
spO83246,3
spQ8Z5U4,3
spQ1KVX5,3
spA6UV22,3
spO68955,3
spA1WL78,3
spQ6NAL3,3
spQ03PZ7,3
spC5CQJ5,3
spB7MHZ6,3
spQ92BV7,3
spO13576,3
spQ9SK99,3
spA9MHF7,3
spP61799,3
spA3QDZ3,3
spP62674,3
spQ8C0Z1,3
spQ1QA56,3
spQ6D1T0,3
spA8ALP0,3
spQ6P3A1,3
spQ91W90,3
spQ7L3T8,3
spQ8EQV0,3
spP33686,3
spQ8DBN9,3
spA8G2R0,3
spB4U605,3
spB9JX24,3
spQ4ZPD8,3
spQ2KIK0,3
spQ6AK06,3
spQ47K77,3
spQ54KJ8,3
spP13109,3
spP0DA39,3
spQ09742,3
spQ6FZH5,3
spQ0KEC0,3
spP27985,3
spA9N4C4,3
spO68906,3
spB6I4P6,3
spB1KJU9,3
spQ6KHT6,3
spQ9CA86,3
spB2JQE2,3
spP35711,3
spB8J804,3
spP52232,3
spO60678,3
spQ2K333,3
spA4WL16,3
spP29409,3
spP67591,3
spB1IP35,3
spC0QRI8,3
spA5GD29,3
spO04027,3
spB7LK42,3
spQ81ZV5,3
spA5VM68,3
spQ7NLK5,3
spQ8AYM8,3
spP73125,3
spQ7V7R3,3
spQ9HAU8,3
spQ3ZAI8,3
spA4TGZ2,3
spO94573,3
spQ16696,3
spQ8NZD8,3
spA2C664,3
spQ39735,3
spQ2RKK1,3
spQ3IDM2,3
spQ9FRS6,3
spQ7PVQ9,3
spP54139,3
spQ8W4T9,3
spQ86V25,3
spQ38967,3
spQ99707,3
spQ8WKM6,3
spB0VU47,3
spQ6S8J7,3
spQ5AR49,3
spA0KAD1,3
spS5FMM4,3
spB4SQT3,3
spQ5X845,3
spA1WB49,3
spP0AB80,3
spQ75D20,3
spA9P0A6,3
spP06131,3
spA0RDM5,3
spQ8F7Q7,3
spQ5UP34,3
spQ8H930,3
spB0KRI4,3
spA0A324,3
spO94898,3
spQ48NT9,3
spP54675,3
spQ503U1,3
spQ65UX3,3
spQ7ZV00,3
spQ9UGP5,3
spB8H454,3
spQ4HZE0,3
spP9WFD1,3
spQ01397,3
spQ9KP80,3
spA8I1B9,3
spQ471X2,3
spA6QGZ7,3
spQ732B8,3
spQ05FK2,3
spA4G778,3
spQ89EN5,3
spQ8R2Y9,3
spA4TDA1,3
spO76534,3
spQ28516,3
spA9KF85,3
spA8A7R4,3
spA8GZ42,3
spQ1JD59,3
spQ2RKL6,3
spQ9BTX1,3
spQ06969,3
spB2RZ37,3
spQ8K1S1,3
spC3PMC3,3
spQ74N58,3
spA0Q6W0,3
spC3K2M0,3
spQ487Z7,3
spQ8BH52,3
spQ9L0M4,3
spO54772,3
spB5YWX8,3
spQ5RDW9,3
spQ4FZY0,3
spP40145,3
spQ2G1C0,3
spQ3YXI9,3
spQ13166,3
spA7H6X6,3
spP93848,3
spQ08184,3
spP67203,3
spQ741U7,3
spQ10907,3
spP53533,3
spB7HIT0,3
spQ9BPD1,3
spQ7SZL5,3
spB0S5A7,3
spQ81K85,3
spP49127,3
spA1AX75,3
spQ86IJ5,3
spA9HZ10,3
spP35977,3
spQ91614,3
spQ65JN3,3
spA5EJW2,3
spB0S6C5,3
spB5XP67,3
spB7NDS3,3
spA1JJJ3,3
spQ1QPU2,3
spQ884C8,3
spO77733,3
spP40844,3
spA7RS11,3
spA0A0A0RM07,3
spC3KHG1,3
spP06654,3
spA1VF25,3
spQ05110,3
spB3R895,3
spQ9ZST1,3
spQ48WA5,3
spQ0UG89,3
spQ5RBK6,3
spP59598,3
spB9K6Z3,3
spA9M5R0,3
spQ0ANS3,3
spB5XP20,3
spA3NAU8,3
spP75107,3
spQ041T4,3
spP31090,3
spP9WP64,3
spA9WD89,3
spQ62371,3
spQ8VHF0,3
spP50098,3
spA7SXZ6,3
spA3CN67,3
spB7KCY0,3
spQ9LK95,3
spP21513,3
spQ8GRF5,3
spQ9V3Z2,3
spQ8UCA5,3
spQ9CZK6,3
spC0HKC2,3
spP80651,3
spP9WLH8,3
spQ82VP4,3
spQ13401,3
spP0CL11,3
spA7TJM9,3
spQ5HRQ3,3
spB4U0S7,3
spB7M125,3
spQ7VAM5,3
spB5E3A3,3
spB0C882,3
spA4SYE3,3
spQ8CRH3,3
spQ54M23,3
spQ9VF78,3
spQ51566,3
spB8GP00,3
spQ7TPD7,3
spQ1JII1,3
spD7PI14,3
spA6LPI8,3
spA6LLL4,3
spP0DOB9,3
spA9WA95,3
spA6T226,3
spQ7XR52,3
spP57663,3
spQ8IYP9,3
spQ05370,3
spC0QI73,3
spQ8SQ13,3
spA5VCZ4,3
spB3LT96,3
spB4TUT6,3
spP53115,3
spA5VZV6,3
spA4VHL9,3
spP31532,3
spQ9JIF7,3
spA8AUN7,3
spP52798,3
spQ3B0D3,3
spQ0TH12,3
spQ03W45,3
spB8BKP4,3
spO66929,3
spQ9VVR6,3
spP27612,3
spB2LMI5,3
spB5EGX3,3
spB8J229,3
spG1CWH4,3
spD3YUK8,3
spB8ZKG0,3
spD2Y224,3
spQ18CE5,3
spP41741,3
spA6LP26,3
spB6QNP4,3
spB7NEU4,3
spP12673,3
spQ06718,3
spQ49WW4,3
spB6I6F6,3
spB7NKH2,3
spQ7VQB8,3
spO07347,3
spQ034X7,3
spF9FRH4,3
spQ756K6,3
spP0A9A2,3
spQ9C0W7,3
spA6VF45,3
spQ98262,3
spB2UXS9,3
spQ1AW88,3
spA8F5A8,3
spQ8CXB4,3
spQ3J6M6,3
spP0ABU8,3
spP46226,3
spQ9M2Z2,3
spQ76LL6,3
spA4JAP9,3
spA3MS17,3
spB1JKV7,3
spA9KHU4,3
spQ8KQB3,3
spQ2UI81,3
spQ88XX7,3
spQ86TP1,3
spQ9CAP9,3
spC5DKA0,3
spP85834,3
spQ18KC5,3
spP0DST1,3
spB0VR94,3
spE7KTL7,3
spQ98PF7,3
spA4QL86,3
spQ8Z5J6,3
spB4SYW8,3
spC3N6N6,3
spQ041K6,3
spA7Z0N8,3
spA4YJT5,3
spB1IGE2,3
spO10346,3
spO33953,3
spP44221,3
spQ5U305,3
spQ3V539,3
spO45348,3
spP32760,3
spQ6ME20,3
spQ318B6,3
spC1FMV6,3
spA0A4P8W744,3
spQ1H051,3
spQ2ST50,3
spQ7T2P0,3
spA8A6V0,3
spQ54QM6,3
spB8FET0,3
spQ87ML2,3
spA8FN28,3
spP70064,3
spA1KIJ5,3
spQ8TVM0,3
spO08950,3
spQ83CV2,3
spP57476,3
spQ3J5Q6,3
spQ9LIK7,3
spP0AFC4,3
spQ6BSZ4,3
spQ9WTT5,3
spQ6AFQ4,3
spQ9CF34,3
spB8IZT9,3
spQ6FYD1,3
spP0C7N8,3
spA8YXF8,3
spA9MHL2,3
spO66834,3
spQ6FYM0,3
spP21910,3
spP38030,3
spQ94Q33,3
spB2VKV9,3
spQ82CA5,3
spA8MQM2,3
spQ9HT07,3
spQ2PT36,3
spP67740,3
spB0RCZ5,3
spQ8C3P7,3
spA8XSV3,3
spQ7A4R6,3
spB7UL45,3
spQ8DFM1,3
spQ9LSB1,3
spQ6Q0N1,3
spQ312C5,3
spQ7TSI0,3
spC6A1B6,3
spQ3APM2,3
spQ5RD75,3
spQ9CN92,3
spP86183,3
spQ89X35,3
spA0M8S5,3
spQ12729,3
spC0M7A5,3
spQ057B1,3
spQ1JF92,3
spQ1QMB9,3
spQ82LG4,3
spO97703,3
spQ9Z990,3
spQ46DV9,3
spQ5HI45,3
spQ4WZ11,3
spQ0TV42,3
spP9WIR0,3
spA6MMP3,3
spP9WIE9,3
spK7N5M6,3
spC5CGH5,3
spP0CE14,3
spB8F7G0,3
spQ2P0R9,3
spQ29RZ4,3
spO25879,3
spC4L762,3
spQ80ZD0,3
spQ2TAF8,3
spQ6GCN4,3
spA5FPR2,3
spQ97TD1,3
spQ5HGT7,3
spP26310,3
spE5Y944,3
spQ5A0L7,3
spA5F686,3
spQ8ZLB5,3
spQ2RTS7,3
spA2BME5,3
spB2JZN0,3
spA7A285,3
spQ5FWT7,3
spP78733,3
spQ12WH5,3
spQ1D772,3
spP82751,3
spB8A7Z5,3
spQ7MYX4,3
spP44749,3
spQ0AUK8,3
spP17663,3
spB2K217,3
spP08111,3
spA1KUX1,3
spQ089N1,3
spB2TFQ5,3
spB1J1W9,3
spQ7WQN5,3
spQ83JJ9,3
spB4SE03,3
spQ9DCP2,3
spP49494,3
spQ3MHF8,3
spP50346,3
spQ9YE02,3
spH2A0K6,3
spB0BQ92,3
spC4XGC2,3
spA7GRE0,3
spQ5R7U7,3
spB7GSB1,3
spP33200,3
spQ66JJ4,3
spQ9V1I6,3
spB1IUW8,3
spQ9UV63,3
spP0C5J0,3
spB2TWI2,3
spP52911,3
spQ0HMF2,3
spQ0I0A4,3
spO51568,3
spP97272,3
spQ65I29,3
spP10286,3
spQ9JME9,3
spB0XYK8,3
spQ8RC42,3
spB0RXD9,3
spB7KSZ4,3
spQ2W8K7,3
spA1WVD3,3
spA8ZWH0,3
spP75989,3
spA1D9P1,3
spA3DBK6,3
spQ2NQA9,3
spQ5JYT7,3
spQ02796,3
spQ24K06,3
spA4QJQ1,3
spQ8XEA7,3
spQ6D4Q8,3
spB5XSV2,3
spQ7M3M6,3
spA9A5I0,3
spB8EB82,3
spF7E727,3
spQ1CNP1,3
spQ1QUG3,3
spP14395,3
spP02591,3
spC4ZVS5,3
spQ12BQ7,3
spP34733,3
spQ8VYR4,3
spB3R6A3,3
spA9WGQ8,3
spQ8UEH1,3
spB1LL75,3
spA7TES6,3
spQ196Z1,3
spQ83P53,3
spQ1H411,3
spQ7NAV1,3
spO51743,3
spQ9LJK3,3
spQ2GJ60,3
spQ6Z9C8,3
spQ8SQZ6,3
spO07631,3
spQ134U0,3
spB3QBW7,3
spB7M072,3
spQ9FNM5,3
spP78285,3
spQ8BHI7,3
spA7G9Q9,3
spQ5UQF6,3
spQ54SC4,3
spQ9V496,3
spA1AN88,3
spB1I1J5,3
spQ6XKD3,3
spQ325V9,3
spB2SBS0,3
spP58390,3
spQ46H57,3
spA6VKT7,3
spO59456,3
spO88792,3
spA7FZG9,3
spQ9YGI1,3
spA2C4K5,3
spQ82HL2,3
spB0JTK0,3
spB2DFU2,3
spQ8Z437,3
spQ54XG9,3
spQ0HQL5,3
spB8EM72,3
spQ2P928,3
spQ135M8,3
spA1U371,3
spQ8SR49,3
spQ09763,3
spC5BQT6,3
spB0RT56,3
spQ6HNZ7,3
spQ38ZJ0,3
spQ0AFN2,3
spQ115S4,3
spB5R6D2,3
spP53650,3
spA4QPH2,3
spQ2IW93,3
spQ2KIF1,3
spA1K7I0,3
spQ4V7E1,3
spQ5R7F7,3
spA6SVE7,3
spQ8BHP2,3
spA0JZ49,3
spA4FMP6,3
spQ9Z1P8,3
spP0CO40,3
spF4IG60,3
spQ8SX37,3
spP47357,3
spP08701,3
spA3NT52,3
spQ9GKE1,3
spQ165S4,3
spO83627,3
spQ9Z0X4,3
spP58894,3
spQ9NYF5,3
spQ8BS95,3
spQ4ZMM3,3
spQ53DU6,3
spQ4WQT2,3
spO58452,3
spQ5SI12,3
spQ0TD38,3
spB7VGK6,3
spQ8DWN9,3
spB8N3N5,3
spB5FGC4,3
spQ07WI6,3
spP53641,3
spQ6KIL6,3
spQ47BI8,3
spQ2W2K7,3
spD3ZVF4,3
spQ57C92,3
spQ9LIJ0,3
spQ4QJV5,3
spO14089,3
spQ9SLV0,3
spO54918,3
spQ99YI7,3
spP26467,3
spQ16CF6,3
spQ04MR4,3
spQ6LUR9,3
spB8ENI9,3
spQ5R514,3
spA5N6T4,3
spP14893,3
spP28762,3
spQ6H805,3
spQ2IHM1,3
spQ9KVP7,3
spQ318L2,3
spP84583,3
spQ1RGL1,3
spQ7MH84,3
spA0RB32,3
spA8ARJ5,3
spQ88WW9,3
spQ3ZYA0,3
spA7ZSJ9,3
spQ9DAS2,3
spQ5PPJ4,3
spQ9P8J1,3
spP48755,3
spP96082,3
spB7NDU2,3
spQ9BXS0,3
spO65502,3
spA1VJJ5,3
spQ5JJD3,3
spQ31VZ0,3
spQ71ZB6,3
spB0CCQ2,3
spA4JLS0,3
spQ8PTU5,3
spB3QC02,3
spO50236,3
spA1C2U3,3
spB6I231,3
spB3TN70,3
spB5FTN1,3
spQ31FD3,3
spB6I3C3,3
spQ5BC71,3
spP57679,3
spQ66611,3
spQ60HD0,3
spQ0IV63,3
spQ4KKS8,3
spC3LU04,3
spQ9X4M3,3
spQ1ACE7,3
spQ9JT23,3
spQ8DSX9,3
spP56582,3
spP27764,3
spQ07Z51,3
spQ3Z880,3
spB5BKG8,3
spQ5L3R6,3
spB2CI28,3
spA1BA52,3
spQ5F9F6,3
spA1WZ95,3
spP06772,3
spQ3TDN2,3
spB4T5K9,3
spQ58491,3
spP76909,3
spP0ABG7,3
spQ180T5,3
spQ95LN3,3
spB5Z153,3
spB7J9Z4,3
spQ57CQ4,3
spQ8Z6R7,3
spQ5MD61,3
spQ466A4,3
spA7Z6X8,3
spQ9RVB9,3
spQ5JD29,3
spQ81IU1,3
spQ9FHP3,3
spQ0ABG8,3
spO94368,3
spQ9VL52,3
spQ30KJ8,3
spP0DL12,3
spQ5HSX6,3
spQ9CG20,3
spQ6DII7,3
spB7VLF0,3
spA6ZTX2,3
spA4VRJ2,3
spP0DA34,3
spA1VIB2,3
spP9WI17,3
spB2K486,3
spC0RHG2,3
spC1A7Y3,3
spQ6AJF8,3
spQ21FD2,3
spQ4WH96,3
spA3CST9,3
spB5BAZ3,3
spQ7TPY9,3
spB5R3H8,3
spA6NGR9,3
spQ9FPL6,3
spQ9ZM59,3
spQ8ZY15,3
spB4KTG7,3
spB4K8A4,3
spQ9BH11,3
spP0DG47,3
spB8HX52,3
spQ5UR22,3
spQ7CPP9,3
spQ8LKW0,3
spQ5A8X9,3
spQ8VIG0,3
spQ8XKQ2,3
spA1B1B9,3
spA1T8H2,3
spO71150,3
spQ38HX2,3
spQ9N179,3
spA3CYX7,3
spP52983,3
spQ7MEP0,3
spQ2NY29,3
spP59165,3
spB0KFZ0,3
spQ6D1U0,3
spQ82B58,3
spB0SP16,3
spQ73H89,3
spQ8PD47,3
spQ1RI72,3
spQ0K628,3
spO26778,3
spQ5ZRP1,3
spP53681,3
spQ7NLU2,3
spQ2SHN2,3
spQ90Y50,3
spQ1QUC5,3
spQ9USQ8,3
spB3DQG7,3
spQ02439,3
spB6IZT9,3
spA2C600,3
spQ7N053,3
spQ5RKH0,3
spQ8FKB9,3
spQ8UW82,3
spP43768,3
spP80429,3
spQ9LP21,3
spQ477G2,3
spQ165Y3,3
spQ8FX90,3
spA0QX95,3
spQ9FJZ3,3
spC0Q5I7,3
spQ0BV49,3
spA4Y589,3
spQ46L57,3
spA0PPD3,3
spQ929Z6,3
spQ6BWJ5,3
spQ3AQK2,3
spB7L587,3
spA7HIJ4,3
spQ87Q53,3
spQ7NJS7,3
spB2SXV7,3
spP34030,3
spQ815K8,3
spB1YVJ8,3
spQ69Q02,3
spP40543,3
spA0A1U8QLK0,3
spC5C5T3,3
spP0DSQ6,3
spB1LLA1,3
spP0CAH3,3
spB7NHF1,3
spQ87RY0,3
spD2BUT3,3
spP32608,3
spA0A384,3
spA6Q2B4,3
spQ5F8K5,3
spQ9BXJ4,3
spQ31ED1,3
spD5KR58,3
spQ107X0,3
spA0L3X0,3
spQ0HLE7,3
spQ7PZ66,3
spA6NNM8,3
spB0SQX5,3
spQ4K9S9,3
spQ06182,3
spQ8NGL2,3
spF6VSS6,3
spQ2KUK9,3
spB6JKY5,3
spQ8A275,3
spB3PWS5,3
spQ9DAD0,3
spB7MCW7,3
spB0WV73,3
spP56493,3
spQ05359,3
spQ03CJ9,3
spQ9SX27,3
spB3R404,3
spP9WH87,3
spQ9BPC6,3
spB8DHE5,3
spO22199,3
spC1EWH3,3
spQ60A09,3
spA5DLL7,3
spC3P656,3
spQ9SUA6,3
spQ2YXV4,3
spQ1MIF4,3
spA5GMJ1,3
spP24316,3
spQ92G94,3
spQ2V371,3
spQ3AA24,3
spQ9NZ09,3
spQ8KY01,3
spQ49AM3,3
spQ5RF43,3
spA0KWN3,3
spQ5L3R3,3
spA8GF49,3
spA4YM32,3
spQ9HIQ9,3
spP0AFE1,3
spB2I8H0,3
spA4JDU7,3
spQ8LTZ5,3
spQ02873,3
spQ0IJ20,3
spA8GQW4,3
spB3SRQ6,3
spQ9M190,3
spP54414,3
spO51378,3
spP34344,3
spQ72C32,3
spB7M930,3
spD4GNJ8,3
spQ9LDH1,3
spP23414,3
spB1MVW3,3
spQ04957,3
spQ5E8V3,3
spQ3EBD3,3
spA7FQN7,3
spP25459,3
spQ5QXH9,3
spQ5I082,3
spQ6P7N4,3
spQ4ZMR8,3
spF1R2J1,3
spB5ZQK7,3
spO30330,3
spQ8SSA6,3
spP14872,3
spQ3SZ97,3
spO15631,3
spP46249,3
spP0A8D6,3
spQ57QM5,3
spA5WHW7,3
spP28046,3
spC1L2M0,3
spQ5NIP5,3
spA1S7I6,3
spP0C8Y9,3
spA8A3H5,3
spQ52995,3
spQ749B2,3
spQ08E24,3
spQ28374,3
spQ03J93,3
spQ255H0,3
spA5VNW2,3
spQ9LZV6,3
spP42256,3
spG9HXM2,3
spQ06151,3
spQ2KYV6,3
spQ2SN14,3
spO67495,3
spP60305,3
spA8M393,3
spA8W3G6,3
spB1L1I1,3
spQ21J37,3
